Startup_ID,Startup_Name,Sector,City,Founded_Year,Funding_Stage,Total_Funding_USD,Investor,Status,Employees,Annual_Revenue_USD,Survival_Years,Is_Unicorn
IN0001,Startup_1,EdTech,Bengaluru,2021,Series C,11335000,Accel Partners,Closed,4469,0,1,0
IN0002,Startup_2,HRTech,Kolkata,2010,Pre-Seed,822000,Elevation Capital,Active,219,387000,13,0
IN0003,Startup_3,TravelTech,Kolkata,2013,Grant,3644000,Sequoia Capital India,Closed,1309,0,7,0
IN0004,Startup_4,AgriTech,Pune,2012,Series B,13530000,Accel Partners,Merged,3114,0,2,0
IN0005,Startup_5,AgriTech,Chennai,2019,Series C,29216000,SAIF Partners,Acquired,1024,0,4,0
IN0006,Startup_6,EdTech,Jaipur,2014,Series D+,56425000,Sequoia Capital India,Closed,1868,0,5,0
IN0007,Startup_7,EdTech,Hyderabad,2023,Seed,36382000,Y Combinator,Closed,2990,0,1,0
IN0008,Startup_8,AgriTech,Chennai,2013,Series C,27374000,Accel Partners,Closed,4992,0,3,0
IN0009,Startup_9,TravelTech,Hyderabad,2012,Grant,4453000,Bootstrapped,Closed,4564,0,4,0
IN0010,Startup_10,AgriTech,Bengaluru,2013,Pre-Seed,1611000,Accel Partners,Acquired,1730,0,10,0
IN0011,Startup_11,AgriTech,Hyderabad,2020,Grant,3659000,Blume Ventures,Closed,1172,0,2,0
IN0012,Startup_12,HealthTech,Hyderabad,2021,Series C,38731000,Elevation Capital,Closed,3273,0,2,0
IN0013,Startup_13,E-Commerce,Delhi NCR,2018,Grant,556000,Accel Partners,Active,1254,289000,5,0
IN0014,Startup_14,LogisticsTech,Noida,2011,Bootstrapped,5977000,SAIF Partners,Closed,2061,0,9,0
IN0015,Startup_15,FinTech,Mumbai,2020,Series C,41151000,Nexus Venture,Closed,3563,0,1,0
IN0016,Startup_16,FoodTech,Bengaluru,2021,Series C,38134000,SAIF Partners,Merged,873,0,2,0
IN0017,Startup_17,TravelTech,Noida,2013,Series A,7354000,Government Grant,Closed,4346,0,1,0
IN0018,Startup_18,HRTech,Chennai,2017,Pre-Seed,1277000,Y Combinator,Active,2521,293000,6,0
IN0019,Startup_19,E-Commerce,Noida,2011,Seed,89836000,Government Grant,Closed,4365,0,3,0
IN0020,Startup_20,HealthTech,Ahmedabad,2018,Series A,78557000,Matrix Partners,Closed,1737,0,5,0
IN0021,Startup_21,E-Commerce,Pune,2016,Series D+,57126000,Accel Partners,Closed,2032,0,2,0
IN0022,Startup_22,EdTech,Chennai,2010,Series B,774000,Angel Network,Closed,484,0,4,0
IN0023,Startup_23,EdTech,Bengaluru,2023,Series D+,19193000,Bootstrapped,Active,3978,4044000,0,0
IN0024,Startup_24,HealthTech,Noida,2019,Grant,4273000,Matrix Partners,Closed,1561,0,1,0
IN0025,Startup_25,EdTech,Kolkata,2015,Bootstrapped,6913000,Sequoia Capital India,Closed,808,0,1,0
IN0026,Startup_26,LogisticsTech,Chennai,2022,Seed,11574000,Blume Ventures,Closed,1150,0,2,0
IN0027,Startup_27,HealthTech,Pune,2017,Series B,7062000,Government Grant,Acquired,4510,0,1,0
IN0028,Startup_28,FinTech,Jaipur,2023,Pre-Seed,11120000,Y Combinator,Merged,1938,0,1,0
IN0029,Startup_29,LogisticsTech,Ahmedabad,2017,Series B,54166000,Tiger Global,Acquired,3106,0,1,0
IN0030,Startup_30,LogisticsTech,Pune,2022,Grant,4186000,Angel Network,Closed,4554,0,2,0
IN0031,Startup_31,HealthTech,Hyderabad,2014,Series B,52252000,SAIF Partners,Merged,501,0,6,0
IN0032,Startup_32,FinTech,Bengaluru,2019,Grant,10240000,Tiger Global,Closed,467,0,1,0
IN0033,Startup_33,HealthTech,Mumbai,2019,Seed,21398000,Accel Partners,Closed,4668,0,2,0
IN0034,Startup_34,HRTech,Noida,2010,Seed,20470000,SAIF Partners,Closed,2593,0,5,0
IN0035,Startup_35,E-Commerce,Chennai,2013,Series C,74017000,Nexus Venture,Closed,3747,0,6,0
IN0036,Startup_36,EdTech,Bengaluru,2017,Seed,17210000,Nexus Venture,Active,1087,12907000,6,0
IN0037,Startup_37,EdTech,Hyderabad,2015,Series C,66733000,Angel Network,Closed,2480,0,1,0
IN0038,Startup_38,TravelTech,Pune,2020,Seed,6130000,Accel Partners,Merged,878,0,3,0
IN0039,Startup_39,TravelTech,Delhi NCR,2014,Series C,32321000,SoftBank,Closed,2164,0,9,0
IN0040,Startup_40,FoodTech,Pune,2023,Pre-Seed,2126000,Nexus Venture,Active,363,112000,0,0
IN0041,Startup_41,HealthTech,Pune,2012,Grant,3866000,Sequoia Capital India,Closed,918,0,2,0
IN0042,Startup_42,HealthTech,Jaipur,2010,Series D+,13584000,Tiger Global,Closed,344,0,5,0
IN0043,Startup_43,AgriTech,Bengaluru,2015,Series B,26711000,Kalaari Capital,Closed,4588,0,7,0
IN0044,Startup_44,HRTech,Delhi NCR,2013,Series A,28396000,500 Startups,Merged,3379,0,1,0
IN0045,Startup_45,HealthTech,Chennai,2022,Bootstrapped,7781000,Government Grant,Acquired,2034,0,2,0
IN0046,Startup_46,HealthTech,Mumbai,2016,Pre-Seed,2025000,Y Combinator,Acquired,3772,0,3,0
IN0047,Startup_47,SaaS,Hyderabad,2013,Pre-Seed,2798000,Nexus Venture,Closed,570,0,5,0
IN0048,Startup_48,AgriTech,Jaipur,2016,Series D+,4702000,Nexus Venture,Merged,1464,0,5,0
IN0049,Startup_49,SaaS,Bengaluru,2011,Bootstrapped,5508000,Matrix Partners,Closed,4968,0,9,0
IN0050,Startup_50,EdTech,Kolkata,2019,Series B,56761000,Sequoia Capital India,Closed,4261,0,2,0
IN0051,Startup_51,AgriTech,Kolkata,2011,Series D+,26569000,Accel Partners,Closed,2462,0,9,0
IN0052,Startup_52,SaaS,Kolkata,2015,Bootstrapped,3888000,SoftBank,Closed,3446,0,7,0
IN0053,Startup_53,HealthTech,Noida,2019,Series C,75085000,Nexus Venture,Closed,2352,0,2,0
IN0054,Startup_54,LogisticsTech,Noida,2019,Series D+,26641000,SoftBank,Closed,4189,0,4,0
IN0055,Startup_55,HealthTech,Mumbai,2014,Series D+,85694000,SoftBank,Active,2544,18722000,9,1
IN0056,Startup_56,E-Commerce,Delhi NCR,2010,Pre-Seed,5248000,Y Combinator,Closed,598,0,8,0
IN0057,Startup_57,LogisticsTech,Noida,2013,Bootstrapped,1479000,Bootstrapped,Closed,47,0,2,0
IN0058,Startup_58,LogisticsTech,Hyderabad,2012,Grant,1510000,Y Combinator,Active,996,592000,11,0
IN0059,Startup_59,FoodTech,Jaipur,2018,Series D+,44588000,Elevation Capital,Merged,4137,0,4,0
IN0060,Startup_60,TravelTech,Ahmedabad,2012,Grant,3386000,Y Combinator,Closed,2273,0,9,0
IN0061,Startup_61,FoodTech,Hyderabad,2014,Grant,1439000,Nexus Venture,Active,2753,417000,9,0
IN0062,Startup_62,TravelTech,Mumbai,2012,Series A,31258000,Angel Network,Closed,1754,0,2,0
IN0063,Startup_63,LogisticsTech,Kolkata,2015,Grant,1257000,Matrix Partners,Closed,3192,0,1,0
IN0064,Startup_64,HRTech,Kolkata,2017,Pre-Seed,1052000,Matrix Partners,Merged,3434,0,5,0
IN0065,Startup_65,TravelTech,Noida,2013,Grant,1967000,Sequoia Capital India,Closed,3187,0,6,0
IN0066,Startup_66,LogisticsTech,Delhi NCR,2023,Grant,5885000,SAIF Partners,Acquired,222,0,2,0
IN0067,Startup_67,HRTech,Noida,2020,Pre-Seed,1506000,Y Combinator,Active,3784,281000,3,0
IN0068,Startup_68,SaaS,Kolkata,2015,Series B,23724000,500 Startups,Closed,3107,0,5,0
IN0069,Startup_69,LogisticsTech,Pune,2023,Seed,44992000,Sequoia Capital India,Closed,2868,0,1,0
IN0070,Startup_70,EdTech,Bengaluru,2022,Pre-Seed,1611000,Sequoia Capital India,Merged,1250,0,1,0
IN0071,Startup_71,HealthTech,Ahmedabad,2020,Seed,19851000,Angel Network,Closed,2101,0,2,0
IN0072,Startup_72,HealthTech,Noida,2019,Seed,14990000,Nexus Venture,Closed,887,0,1,0
IN0073,Startup_73,SaaS,Noida,2020,Bootstrapped,5009000,Accel Partners,Closed,4852,0,3,0
IN0074,Startup_74,E-Commerce,Mumbai,2021,Series C,66205000,Accel Partners,Acquired,4638,0,1,0
IN0075,Startup_75,AgriTech,Jaipur,2016,Series D+,25937000,Sequoia Capital India,Active,3443,17293000,7,0
IN0076,Startup_76,EdTech,Kolkata,2015,Grant,3495000,Angel Network,Closed,4276,0,5,0
IN0077,Startup_77,HRTech,Jaipur,2022,Grant,2892000,Elevation Capital,Closed,2200,0,2,0
IN0078,Startup_78,E-Commerce,Mumbai,2014,Grant,5133000,Elevation Capital,Closed,3106,0,6,0
IN0079,Startup_79,FinTech,Ahmedabad,2023,Series D+,25848000,Government Grant,Closed,2118,0,2,0
IN0080,Startup_80,SaaS,Noida,2021,Series C,36236000,SoftBank,Closed,703,0,1,0
IN0081,Startup_81,LogisticsTech,Ahmedabad,2018,Series B,38825000,Blume Ventures,Closed,3673,0,1,0
IN0082,Startup_82,EdTech,Pune,2013,Bootstrapped,2464000,Elevation Capital,Closed,3025,0,8,0
IN0083,Startup_83,TravelTech,Jaipur,2015,Bootstrapped,2481000,Kalaari Capital,Merged,3719,0,5,0
IN0084,Startup_84,SaaS,Pune,2013,Seed,22191000,Angel Network,Closed,4391,0,3,0
IN0085,Startup_85,E-Commerce,Hyderabad,2021,Grant,6502000,Government Grant,Closed,4299,0,2,0
IN0086,Startup_86,EdTech,Hyderabad,2014,Series B,24321000,Angel Network,Closed,4377,0,3,0
IN0087,Startup_87,SaaS,Bengaluru,2010,Series C,8971000,Y Combinator,Closed,4023,0,2,0
IN0088,Startup_88,FinTech,Noida,2014,Grant,4121000,Sequoia Capital India,Closed,2070,0,8,0
IN0089,Startup_89,EdTech,Mumbai,2016,Grant,5043000,Sequoia Capital India,Active,1244,816000,7,0
IN0090,Startup_90,HRTech,Pune,2011,Series B,26779000,Elevation Capital,Closed,4885,0,10,0
IN0091,Startup_91,E-Commerce,Jaipur,2016,Grant,3299000,Elevation Capital,Acquired,3514,0,3,0
IN0092,Startup_92,HRTech,Noida,2010,Seed,7352000,SoftBank,Merged,2169,0,11,0
IN0093,Startup_93,EdTech,Delhi NCR,2013,Series A,12691000,Matrix Partners,Closed,3692,0,10,0
IN0094,Startup_94,FoodTech,Pune,2010,Series B,14244000,Y Combinator,Closed,3721,0,2,0
IN0095,Startup_95,E-Commerce,Pune,2022,Series B,60084000,Bootstrapped,Closed,1222,0,2,0
IN0096,Startup_96,HealthTech,Mumbai,2010,Series A,53675000,Y Combinator,Closed,4664,0,5,0
IN0097,Startup_97,FoodTech,Mumbai,2017,Series C,47142000,SAIF Partners,Closed,4425,0,4,0
IN0098,Startup_98,FoodTech,Mumbai,2019,Pre-Seed,3677000,Elevation Capital,Acquired,2053,0,1,0
IN0099,Startup_99,EdTech,Hyderabad,2020,Pre-Seed,5385000,Nexus Venture,Merged,4722,0,1,0
IN0100,Startup_100,HealthTech,Ahmedabad,2018,Grant,1658000,Elevation Capital,Acquired,3572,0,4,0
IN0101,Startup_101,EdTech,Ahmedabad,2015,Bootstrapped,5368000,Y Combinator,Closed,1319,0,6,0
IN0102,Startup_102,LogisticsTech,Ahmedabad,2014,Bootstrapped,3310000,Blume Ventures,Acquired,723,0,6,0
IN0103,Startup_103,SaaS,Chennai,2011,Bootstrapped,5777000,Sequoia Capital India,Acquired,4446,0,8,0
IN0104,Startup_104,LogisticsTech,Bengaluru,2013,Series D+,30010000,Blume Ventures,Closed,424,0,4,0
IN0105,Startup_105,SaaS,Jaipur,2012,Series C,48923000,Accel Partners,Closed,238,0,11,0
IN0106,Startup_106,HRTech,Hyderabad,2021,Series A,577000,Matrix Partners,Closed,765,0,1,0
IN0107,Startup_107,EdTech,Ahmedabad,2011,Series A,57385000,SAIF Partners,Closed,2241,0,7,0
IN0108,Startup_108,FoodTech,Ahmedabad,2013,Grant,1927000,500 Startups,Closed,4912,0,9,0
IN0109,Startup_109,HealthTech,Mumbai,2014,Bootstrapped,7096000,Nexus Venture,Closed,23,0,5,0
IN0110,Startup_110,SaaS,Noida,2019,Grant,3134000,Blume Ventures,Acquired,2829,0,3,0
IN0111,Startup_111,TravelTech,Jaipur,2016,Grant,3914000,Angel Network,Acquired,1958,0,5,0
IN0112,Startup_112,LogisticsTech,Hyderabad,2023,Bootstrapped,4473000,Angel Network,Active,3125,1519000,0,0
IN0113,Startup_113,HealthTech,Ahmedabad,2010,Series A,53239000,Y Combinator,Closed,824,0,8,0
IN0114,Startup_114,EdTech,Jaipur,2017,Pre-Seed,3292000,Bootstrapped,Closed,1266,0,1,0
IN0115,Startup_115,FoodTech,Pune,2015,Bootstrapped,4261000,Y Combinator,Closed,4373,0,7,0
IN0116,Startup_116,AgriTech,Ahmedabad,2023,Pre-Seed,947000,Bootstrapped,Closed,2356,0,1,0
IN0117,Startup_117,EdTech,Kolkata,2011,Seed,55581000,500 Startups,Closed,239,0,1,0
IN0118,Startup_118,AgriTech,Bengaluru,2014,Series D+,5908000,SAIF Partners,Closed,3377,0,3,0
IN0119,Startup_119,HealthTech,Delhi NCR,2011,Bootstrapped,2190000,500 Startups,Closed,4779,0,3,0
IN0120,Startup_120,E-Commerce,Ahmedabad,2020,Series C,73486000,500 Startups,Closed,3813,0,2,0
IN0121,Startup_121,TravelTech,Delhi NCR,2011,Grant,4445000,Nexus Venture,Merged,3477,0,12,0
IN0122,Startup_122,SaaS,Ahmedabad,2023,Series C,27021000,Blume Ventures,Closed,875,0,1,0
IN0123,Startup_123,LogisticsTech,Noida,2015,Series C,17855000,Y Combinator,Merged,3244,0,5,0
IN0124,Startup_124,FinTech,Noida,2023,Pre-Seed,8955000,Y Combinator,Acquired,2346,0,1,0
IN0125,Startup_125,HRTech,Chennai,2013,Series B,23754000,Angel Network,Closed,1122,0,2,0
IN0126,Startup_126,FinTech,Pune,2022,Grant,4410000,Tiger Global,Active,740,3229000,1,0
IN0127,Startup_127,AgriTech,Kolkata,2012,Series B,21622000,Kalaari Capital,Closed,4350,0,9,0
IN0128,Startup_128,SaaS,Delhi NCR,2014,Grant,2077000,Y Combinator,Merged,2776,0,2,0
IN0129,Startup_129,FoodTech,Mumbai,2012,Series B,36252000,Matrix Partners,Acquired,4567,0,6,0
IN0130,Startup_130,EdTech,Kolkata,2010,Series C,36492000,Bootstrapped,Closed,2149,0,10,0
IN0131,Startup_131,LogisticsTech,Chennai,2011,Series B,37249000,SAIF Partners,Closed,2689,0,10,0
IN0132,Startup_132,E-Commerce,Mumbai,2020,Grant,3352000,Matrix Partners,Acquired,957,0,1,0
IN0133,Startup_133,FinTech,Bengaluru,2014,Grant,2856000,SAIF Partners,Closed,1113,0,7,0
IN0134,Startup_134,FoodTech,Chennai,2020,Bootstrapped,3637000,500 Startups,Closed,3400,0,3,0
IN0135,Startup_135,EdTech,Ahmedabad,2019,Bootstrapped,2252000,Angel Network,Merged,3037,0,2,0
IN0136,Startup_136,FoodTech,Ahmedabad,2013,Series D+,34331000,SAIF Partners,Active,2940,3276000,10,0
IN0137,Startup_137,SaaS,Hyderabad,2011,Grant,1497000,Bootstrapped,Active,4893,1165000,12,0
IN0138,Startup_138,FinTech,Chennai,2013,Series A,25022000,Y Combinator,Closed,4542,0,4,0
IN0139,Startup_139,HRTech,Hyderabad,2023,Series B,5250000,500 Startups,Closed,4884,0,1,0
IN0140,Startup_140,SaaS,Delhi NCR,2012,Series C,7828000,Y Combinator,Acquired,213,0,3,0
IN0141,Startup_141,FinTech,Chennai,2022,Series B,2386000,Nexus Venture,Closed,431,0,1,0
IN0142,Startup_142,LogisticsTech,Jaipur,2011,Seed,46725000,SAIF Partners,Closed,4865,0,2,0
IN0143,Startup_143,FoodTech,Jaipur,2013,Pre-Seed,4545000,Bootstrapped,Closed,4273,0,5,0
IN0144,Startup_144,FoodTech,Bengaluru,2010,Grant,2140000,Accel Partners,Acquired,4018,0,12,0
IN0145,Startup_145,FoodTech,Mumbai,2011,Series D+,3424000,Nexus Venture,Closed,4797,0,9,0
IN0146,Startup_146,AgriTech,Kolkata,2019,Series C,24257000,Accel Partners,Closed,939,0,2,0
IN0147,Startup_147,LogisticsTech,Ahmedabad,2013,Bootstrapped,2732000,Matrix Partners,Closed,780,0,6,0
IN0148,Startup_148,LogisticsTech,Chennai,2020,Series C,9328000,500 Startups,Closed,3887,0,1,0
IN0149,Startup_149,EdTech,Mumbai,2011,Bootstrapped,5916000,Government Grant,Active,1067,2764000,12,0
IN0150,Startup_150,HRTech,Jaipur,2018,Series D+,14437000,Y Combinator,Closed,3466,0,1,0
IN0151,Startup_151,SaaS,Noida,2014,Series D+,35593000,Tiger Global,Active,3952,7766000,9,0
IN0152,Startup_152,EdTech,Chennai,2023,Series D+,22430000,SoftBank,Closed,3517,0,1,0
IN0153,Startup_153,HRTech,Pune,2010,Series A,26708000,500 Startups,Closed,2785,0,6,0
IN0154,Startup_154,FinTech,Delhi NCR,2023,Series A,48394000,Tiger Global,Closed,253,0,1,0
IN0155,Startup_155,TravelTech,Hyderabad,2016,Bootstrapped,717000,Nexus Venture,Closed,2659,0,7,0
IN0156,Startup_156,HRTech,Noida,2011,Pre-Seed,2643000,Sequoia Capital India,Closed,670,0,5,0
IN0157,Startup_157,FoodTech,Kolkata,2017,Grant,1090000,SAIF Partners,Closed,934,0,3,0
IN0158,Startup_158,LogisticsTech,Mumbai,2014,Grant,1864000,SoftBank,Closed,3239,0,1,0
IN0159,Startup_159,FinTech,Hyderabad,2014,Series B,91817000,Nexus Venture,Closed,2689,0,2,0
IN0160,Startup_160,FinTech,Ahmedabad,2021,Bootstrapped,4594000,Angel Network,Closed,1887,0,2,0
IN0161,Startup_161,EdTech,Kolkata,2023,Pre-Seed,3689000,Accel Partners,Closed,2566,0,2,0
IN0162,Startup_162,HRTech,Kolkata,2021,Bootstrapped,1424000,Kalaari Capital,Closed,1409,0,2,0
IN0163,Startup_163,AgriTech,Mumbai,2016,Seed,23596000,SAIF Partners,Closed,646,0,4,0
IN0164,Startup_164,SaaS,Chennai,2013,Series D+,5485000,Bootstrapped,Closed,936,0,9,0
IN0165,Startup_165,TravelTech,Hyderabad,2022,Series D+,43124000,Bootstrapped,Closed,1211,0,1,0
IN0166,Startup_166,EdTech,Delhi NCR,2014,Series B,12399000,Government Grant,Closed,619,0,3,0
IN0167,Startup_167,FoodTech,Ahmedabad,2022,Grant,4412000,Bootstrapped,Closed,2649,0,2,0
IN0168,Startup_168,HealthTech,Ahmedabad,2011,Grant,2746000,Nexus Venture,Closed,4846,0,1,0
IN0169,Startup_169,AgriTech,Jaipur,2011,Series C,1601000,Kalaari Capital,Closed,2353,0,2,0
IN0170,Startup_170,EdTech,Noida,2019,Bootstrapped,4443000,Government Grant,Closed,338,0,4,0
IN0171,Startup_171,HRTech,Hyderabad,2015,Grant,3352000,Blume Ventures,Closed,849,0,6,0
IN0172,Startup_172,EdTech,Jaipur,2020,Series A,56668000,Blume Ventures,Active,4295,25051000,3,0
IN0173,Startup_173,HealthTech,Chennai,2015,Series C,69769000,Bootstrapped,Closed,4899,0,1,0
IN0174,Startup_174,AgriTech,Mumbai,2015,Seed,15524000,Nexus Venture,Closed,4939,0,3,0
IN0175,Startup_175,AgriTech,Mumbai,2019,Series A,12478000,Bootstrapped,Acquired,3212,0,2,0
IN0176,Startup_176,HRTech,Mumbai,2014,Bootstrapped,1156000,Tiger Global,Closed,4314,0,2,0
IN0177,Startup_177,LogisticsTech,Jaipur,2015,Pre-Seed,1098000,SoftBank,Closed,2801,0,8,0
IN0178,Startup_178,E-Commerce,Hyderabad,2012,Series A,92949000,Accel Partners,Active,4160,58386000,11,1
IN0179,Startup_179,TravelTech,Bengaluru,2020,Series D+,27850000,Elevation Capital,Acquired,3088,0,1,0
IN0180,Startup_180,HealthTech,Delhi NCR,2023,Series A,4219000,Kalaari Capital,Closed,1947,0,2,0
IN0181,Startup_181,HRTech,Pune,2022,Grant,845000,Government Grant,Closed,3844,0,1,0
IN0182,Startup_182,AgriTech,Noida,2017,Grant,3115000,SAIF Partners,Closed,4322,0,4,0
IN0183,Startup_183,HealthTech,Hyderabad,2022,Series A,4981000,Blume Ventures,Acquired,3042,0,1,0
IN0184,Startup_184,TravelTech,Mumbai,2014,Seed,12348000,500 Startups,Closed,4207,0,3,0
IN0185,Startup_185,LogisticsTech,Mumbai,2013,Grant,5584000,Matrix Partners,Acquired,438,0,7,0
IN0186,Startup_186,TravelTech,Chennai,2013,Bootstrapped,1693000,Sequoia Capital India,Merged,2612,0,2,0
IN0187,Startup_187,AgriTech,Delhi NCR,2012,Pre-Seed,3321000,Angel Network,Closed,1138,0,8,0
IN0188,Startup_188,FoodTech,Noida,2010,Seed,10900000,Tiger Global,Active,4497,8231000,13,0
IN0189,Startup_189,HRTech,Jaipur,2016,Seed,8394000,Accel Partners,Closed,393,0,2,0
IN0190,Startup_190,LogisticsTech,Noida,2017,Seed,54328000,Elevation Capital,Active,4393,3386000,6,0
IN0191,Startup_191,TravelTech,Noida,2013,Series A,170000,Kalaari Capital,Closed,1972,0,10,0
IN0192,Startup_192,LogisticsTech,Delhi NCR,2020,Seed,21764000,SAIF Partners,Closed,4459,0,3,0
IN0193,Startup_193,TravelTech,Jaipur,2010,Bootstrapped,206000,Matrix Partners,Acquired,3060,0,5,0
IN0194,Startup_194,FinTech,Chennai,2022,Seed,88086000,Bootstrapped,Closed,851,0,2,0
IN0195,Startup_195,HealthTech,Bengaluru,2015,Series D+,16005000,Government Grant,Acquired,3808,0,8,0
IN0196,Startup_196,HealthTech,Delhi NCR,2011,Grant,1838000,Government Grant,Active,1636,1313000,12,0
IN0197,Startup_197,AgriTech,Pune,2018,Bootstrapped,2177000,Nexus Venture,Merged,301,0,2,0
IN0198,Startup_198,SaaS,Chennai,2023,Pre-Seed,2334000,Accel Partners,Acquired,3016,0,2,0
IN0199,Startup_199,LogisticsTech,Ahmedabad,2016,Series D+,29873000,Blume Ventures,Merged,3011,0,7,0
IN0200,Startup_200,TravelTech,Pune,2022,Seed,3644000,Elevation Capital,Closed,1480,0,2,0
IN0201,Startup_201,AgriTech,Mumbai,2011,Series D+,12329000,Elevation Capital,Closed,3492,0,3,0
IN0202,Startup_202,FoodTech,Chennai,2017,Pre-Seed,4559000,Elevation Capital,Closed,3565,0,3,0
IN0203,Startup_203,FinTech,Mumbai,2020,Bootstrapped,9623000,Bootstrapped,Closed,1312,0,1,0
IN0204,Startup_204,HealthTech,Noida,2020,Grant,633000,Government Grant,Active,3002,204000,3,0
IN0205,Startup_205,HRTech,Bengaluru,2019,Series A,33214000,Kalaari Capital,Closed,3638,0,1,0
IN0206,Startup_206,HRTech,Delhi NCR,2018,Series D+,22770000,SoftBank,Closed,931,0,1,0
IN0207,Startup_207,HealthTech,Ahmedabad,2018,Bootstrapped,1086000,Government Grant,Acquired,2134,0,4,0
IN0208,Startup_208,E-Commerce,Noida,2014,Grant,1528000,Accel Partners,Closed,3705,0,3,0
IN0209,Startup_209,FoodTech,Mumbai,2022,Series D+,35521000,SAIF Partners,Closed,4443,0,2,0
IN0210,Startup_210,SaaS,Delhi NCR,2021,Series A,35687000,Accel Partners,Closed,1648,0,1,0
IN0211,Startup_211,E-Commerce,Ahmedabad,2010,Series D+,40833000,Government Grant,Closed,4521,0,3,0
IN0212,Startup_212,HRTech,Mumbai,2011,Series C,25121000,Blume Ventures,Closed,4308,0,7,0
IN0213,Startup_213,LogisticsTech,Noida,2011,Series A,38612000,Blume Ventures,Merged,3818,0,11,0
IN0214,Startup_214,TravelTech,Chennai,2012,Series A,5894000,SAIF Partners,Closed,455,0,2,0
IN0215,Startup_215,TravelTech,Delhi NCR,2014,Series A,42070000,SoftBank,Closed,2836,0,9,0
IN0216,Startup_216,SaaS,Mumbai,2014,Series B,38626000,Tiger Global,Closed,2482,0,9,0
IN0217,Startup_217,EdTech,Jaipur,2020,Series A,46536000,Tiger Global,Closed,4959,0,2,0
IN0218,Startup_218,HRTech,Bengaluru,2023,Pre-Seed,3320000,Government Grant,Active,4726,825000,0,0
IN0219,Startup_219,E-Commerce,Noida,2016,Pre-Seed,6914000,Nexus Venture,Closed,2476,0,4,0
IN0220,Startup_220,E-Commerce,Kolkata,2014,Grant,697000,Blume Ventures,Active,3406,288000,9,0
IN0221,Startup_221,E-Commerce,Chennai,2019,Series A,79133000,Angel Network,Closed,2831,0,4,0
IN0222,Startup_222,HealthTech,Chennai,2018,Seed,42143000,Nexus Venture,Closed,3685,0,2,0
IN0223,Startup_223,HealthTech,Mumbai,2010,Series C,77815000,Matrix Partners,Merged,2035,0,3,0
IN0224,Startup_224,AgriTech,Noida,2021,Series D+,6458000,SAIF Partners,Closed,3826,0,2,0
IN0225,Startup_225,SaaS,Ahmedabad,2010,Seed,35455000,SoftBank,Merged,1764,0,10,0
IN0226,Startup_226,AgriTech,Bengaluru,2010,Series C,35305000,Bootstrapped,Closed,3857,0,5,0
IN0227,Startup_227,TravelTech,Bengaluru,2023,Seed,39722000,Angel Network,Closed,2998,0,2,0
IN0228,Startup_228,AgriTech,Bengaluru,2016,Pre-Seed,787000,SAIF Partners,Closed,2366,0,1,0
IN0229,Startup_229,LogisticsTech,Jaipur,2017,Series C,37470000,Elevation Capital,Acquired,975,0,2,0
IN0230,Startup_230,EdTech,Kolkata,2015,Series D+,29375000,Tiger Global,Closed,1632,0,7,0
IN0231,Startup_231,TravelTech,Bengaluru,2010,Pre-Seed,1505000,Blume Ventures,Closed,4256,0,8,0
IN0232,Startup_232,HealthTech,Noida,2018,Series A,55292000,Tiger Global,Closed,3221,0,5,0
IN0233,Startup_233,SaaS,Noida,2015,Grant,2109000,Y Combinator,Closed,138,0,6,0
IN0234,Startup_234,AgriTech,Mumbai,2016,Series C,29040000,Angel Network,Acquired,220,0,5,0
IN0235,Startup_235,FoodTech,Pune,2020,Series B,29239000,Tiger Global,Closed,4296,0,3,0
IN0236,Startup_236,HRTech,Kolkata,2012,Series B,33192000,Accel Partners,Active,1564,2131000,11,0
IN0237,Startup_237,AgriTech,Kolkata,2012,Bootstrapped,1647000,Government Grant,Closed,3865,0,1,0
IN0238,Startup_238,HealthTech,Jaipur,2013,Series D+,43210000,Matrix Partners,Merged,2572,0,3,0
IN0239,Startup_239,FoodTech,Jaipur,2015,Series D+,43403000,Bootstrapped,Closed,2167,0,8,0
IN0240,Startup_240,E-Commerce,Hyderabad,2014,Series C,107031000,Nexus Venture,Closed,2369,0,4,0
IN0241,Startup_241,FoodTech,Chennai,2017,Series D+,46734000,Angel Network,Closed,2242,0,3,0
IN0242,Startup_242,EdTech,Noida,2020,Bootstrapped,3168000,Kalaari Capital,Acquired,1201,0,2,0
IN0243,Startup_243,FinTech,Pune,2021,Seed,53364000,Nexus Venture,Closed,3926,0,1,0
IN0244,Startup_244,E-Commerce,Jaipur,2014,Series C,67878000,Elevation Capital,Closed,1962,0,4,0
IN0245,Startup_245,FinTech,Jaipur,2013,Series B,49890000,Angel Network,Active,3871,6257000,10,0
IN0246,Startup_246,HealthTech,Bengaluru,2018,Series A,84172000,500 Startups,Closed,3898,0,4,0
IN0247,Startup_247,E-Commerce,Pune,2015,Series C,99910000,Accel Partners,Closed,4705,0,4,0
IN0248,Startup_248,TravelTech,Bengaluru,2012,Bootstrapped,799000,500 Startups,Acquired,299,0,7,0
IN0249,Startup_249,FoodTech,Delhi NCR,2021,Series C,612000,Elevation Capital,Acquired,4939,0,1,0
IN0250,Startup_250,AgriTech,Pune,2017,Grant,546000,SAIF Partners,Acquired,3836,0,3,0
IN0251,Startup_251,E-Commerce,Mumbai,2015,Series A,71452000,Angel Network,Closed,1527,0,1,0
IN0252,Startup_252,AgriTech,Pune,2019,Series B,34260000,500 Startups,Closed,3323,0,4,0
IN0253,Startup_253,TravelTech,Chennai,2011,Bootstrapped,840000,Tiger Global,Closed,3913,0,6,0
IN0254,Startup_254,E-Commerce,Bengaluru,2014,Bootstrapped,8301000,Kalaari Capital,Closed,2475,0,1,0
IN0255,Startup_255,SaaS,Chennai,2021,Series B,8408000,Nexus Venture,Active,1310,2977000,2,0
IN0256,Startup_256,TravelTech,Pune,2021,Seed,42335000,Kalaari Capital,Closed,1811,0,1,0
IN0257,Startup_257,HealthTech,Ahmedabad,2012,Grant,5464000,Matrix Partners,Closed,4501,0,8,0
IN0258,Startup_258,TravelTech,Hyderabad,2022,Series B,26852000,Government Grant,Closed,672,0,2,0
IN0259,Startup_259,TravelTech,Chennai,2011,Seed,24689000,SAIF Partners,Active,1658,11839000,12,0
IN0260,Startup_260,HealthTech,Delhi NCR,2015,Grant,1872000,Elevation Capital,Closed,4006,0,2,0
IN0261,Startup_261,TravelTech,Ahmedabad,2022,Pre-Seed,2314000,Blume Ventures,Closed,4621,0,1,0
IN0262,Startup_262,TravelTech,Ahmedabad,2020,Series C,17878000,Y Combinator,Closed,26,0,3,0
IN0263,Startup_263,E-Commerce,Noida,2011,Pre-Seed,7716000,SAIF Partners,Closed,495,0,2,0
IN0264,Startup_264,FoodTech,Bengaluru,2014,Bootstrapped,690000,Bootstrapped,Closed,3445,0,6,0
IN0265,Startup_265,LogisticsTech,Ahmedabad,2023,Bootstrapped,4103000,Bootstrapped,Closed,4419,0,1,0
IN0266,Startup_266,AgriTech,Mumbai,2012,Bootstrapped,2914000,SoftBank,Closed,30,0,1,0
IN0267,Startup_267,SaaS,Ahmedabad,2020,Bootstrapped,5766000,SoftBank,Closed,3775,0,2,0
IN0268,Startup_268,HealthTech,Pune,2013,Seed,59520000,Elevation Capital,Active,130,13719000,10,0
IN0269,Startup_269,EdTech,Mumbai,2019,Pre-Seed,5383000,Y Combinator,Closed,400,0,2,0
IN0270,Startup_270,FinTech,Kolkata,2017,Series B,90649000,Government Grant,Closed,464,0,2,0
IN0271,Startup_271,TravelTech,Pune,2013,Series D+,34787000,Y Combinator,Closed,2628,0,4,0
IN0272,Startup_272,SaaS,Delhi NCR,2020,Series B,19370000,SAIF Partners,Closed,4848,0,3,0
IN0273,Startup_273,HealthTech,Kolkata,2018,Grant,3119000,Bootstrapped,Active,3124,1994000,5,0
IN0274,Startup_274,AgriTech,Kolkata,2016,Series A,7437000,SAIF Partners,Closed,3881,0,2,0
IN0275,Startup_275,E-Commerce,Pune,2023,Series A,100656000,SAIF Partners,Acquired,3382,0,2,0
IN0276,Startup_276,TravelTech,Jaipur,2012,Bootstrapped,923000,Bootstrapped,Closed,649,0,8,0
IN0277,Startup_277,AgriTech,Mumbai,2018,Series B,15149000,Elevation Capital,Active,4941,1207000,5,0
IN0278,Startup_278,EdTech,Hyderabad,2022,Series B,69584000,Kalaari Capital,Closed,2485,0,1,0
IN0279,Startup_279,E-Commerce,Hyderabad,2021,Seed,83075000,500 Startups,Closed,1989,0,1,0
IN0280,Startup_280,LogisticsTech,Hyderabad,2018,Series D+,22964000,SAIF Partners,Closed,2945,0,3,0
IN0281,Startup_281,SaaS,Chennai,2018,Grant,5623000,Angel Network,Closed,3848,0,3,0
IN0282,Startup_282,E-Commerce,Chennai,2015,Bootstrapped,9510000,Angel Network,Active,1197,591000,8,0
IN0283,Startup_283,TravelTech,Noida,2019,Bootstrapped,891000,SoftBank,Closed,3113,0,2,0
IN0284,Startup_284,FoodTech,Jaipur,2020,Series D+,41106000,Angel Network,Closed,4020,0,2,0
IN0285,Startup_285,HealthTech,Chennai,2012,Series A,44102000,500 Startups,Closed,4443,0,11,0
IN0286,Startup_286,FinTech,Jaipur,2010,Seed,80352000,Government Grant,Merged,54,0,7,0
IN0287,Startup_287,HealthTech,Hyderabad,2011,Series A,45664000,Kalaari Capital,Active,497,23443000,12,0
IN0288,Startup_288,HRTech,Ahmedabad,2020,Grant,1867000,Matrix Partners,Active,99,117000,3,0
IN0289,Startup_289,SaaS,Jaipur,2014,Pre-Seed,4890000,Matrix Partners,Closed,1470,0,2,0
IN0290,Startup_290,EdTech,Jaipur,2012,Series B,42211000,Y Combinator,Closed,2905,0,5,0
IN0291,Startup_291,LogisticsTech,Mumbai,2015,Bootstrapped,1474000,Angel Network,Closed,1852,0,5,0
IN0292,Startup_292,EdTech,Bengaluru,2011,Bootstrapped,4431000,Sequoia Capital India,Closed,79,0,12,0
IN0293,Startup_293,HealthTech,Mumbai,2017,Bootstrapped,3002000,Y Combinator,Closed,783,0,5,0
IN0294,Startup_294,FinTech,Hyderabad,2013,Grant,11094000,Bootstrapped,Closed,2298,0,9,0
IN0295,Startup_295,HRTech,Bengaluru,2012,Series D+,7330000,Tiger Global,Active,3264,5473000,11,0
IN0296,Startup_296,SaaS,Delhi NCR,2019,Series B,59484000,Bootstrapped,Closed,4430,0,3,0
IN0297,Startup_297,LogisticsTech,Delhi NCR,2022,Seed,58465000,Sequoia Capital India,Closed,802,0,2,0
IN0298,Startup_298,E-Commerce,Mumbai,2015,Bootstrapped,3617000,Bootstrapped,Merged,2241,0,8,0
IN0299,Startup_299,FoodTech,Hyderabad,2015,Bootstrapped,3403000,Bootstrapped,Closed,3115,0,2,0
IN0300,Startup_300,HRTech,Pune,2022,Series B,2963000,Tiger Global,Closed,3114,0,1,0
IN0301,Startup_301,LogisticsTech,Chennai,2015,Seed,56589000,Blume Ventures,Active,2950,35142000,8,0
IN0302,Startup_302,EdTech,Delhi NCR,2011,Series A,44647000,SAIF Partners,Closed,3344,0,2,0
IN0303,Startup_303,FinTech,Mumbai,2015,Seed,94240000,Y Combinator,Closed,3157,0,1,0
IN0304,Startup_304,SaaS,Kolkata,2016,Seed,39234000,SoftBank,Closed,4687,0,5,0
IN0305,Startup_305,HealthTech,Kolkata,2012,Series A,24376000,Tiger Global,Closed,520,0,3,0
IN0306,Startup_306,LogisticsTech,Pune,2016,Series C,4800000,Nexus Venture,Closed,2022,0,6,0
IN0307,Startup_307,FoodTech,Noida,2019,Series B,6904000,Sequoia Capital India,Closed,3243,0,3,0
IN0308,Startup_308,HRTech,Kolkata,2022,Series D+,15129000,Y Combinator,Closed,4871,0,1,0
IN0309,Startup_309,SaaS,Chennai,2019,Series B,12558000,Matrix Partners,Closed,2616,0,3,0
IN0310,Startup_310,FoodTech,Noida,2022,Series B,14123000,Government Grant,Closed,3220,0,2,0
IN0311,Startup_311,EdTech,Noida,2013,Series A,44098000,Angel Network,Closed,3783,0,4,0
IN0312,Startup_312,FoodTech,Pune,2023,Seed,39813000,Matrix Partners,Acquired,4092,0,1,0
IN0313,Startup_313,SaaS,Hyderabad,2014,Series A,55267000,Accel Partners,Closed,3680,0,8,0
IN0314,Startup_314,HRTech,Kolkata,2018,Bootstrapped,2770000,Kalaari Capital,Closed,4400,0,5,0
IN0315,Startup_315,EdTech,Mumbai,2022,Series B,28530000,Bootstrapped,Closed,364,0,2,0
IN0316,Startup_316,AgriTech,Kolkata,2011,Pre-Seed,896000,Angel Network,Active,4251,420000,12,0
IN0317,Startup_317,HRTech,Hyderabad,2017,Series D+,27055000,Elevation Capital,Closed,4101,0,2,0
IN0318,Startup_318,AgriTech,Bengaluru,2017,Seed,36830000,Accel Partners,Closed,952,0,6,0
IN0319,Startup_319,HealthTech,Chennai,2014,Series D+,18856000,Blume Ventures,Closed,2855,0,8,0
IN0320,Startup_320,EdTech,Ahmedabad,2021,Grant,2416000,Government Grant,Closed,944,0,1,0
IN0321,Startup_321,AgriTech,Mumbai,2020,Series A,29646000,SAIF Partners,Acquired,1431,0,3,0
IN0322,Startup_322,HealthTech,Chennai,2018,Bootstrapped,2110000,Matrix Partners,Merged,1513,0,2,0
IN0323,Startup_323,LogisticsTech,Kolkata,2010,Series B,25887000,Sequoia Capital India,Closed,1761,0,4,0
IN0324,Startup_324,SaaS,Mumbai,2019,Seed,37652000,Kalaari Capital,Acquired,2672,0,2,0
IN0325,Startup_325,FoodTech,Mumbai,2014,Grant,3201000,Elevation Capital,Closed,3185,0,7,0
IN0326,Startup_326,HRTech,Mumbai,2015,Series D+,21646000,Y Combinator,Acquired,2438,0,2,0
IN0327,Startup_327,HealthTech,Chennai,2011,Series B,16719000,Angel Network,Closed,1160,0,9,0
IN0328,Startup_328,LogisticsTech,Kolkata,2019,Series A,25498000,Blume Ventures,Closed,4404,0,2,0
IN0329,Startup_329,TravelTech,Delhi NCR,2017,Series C,14225000,Blume Ventures,Closed,441,0,3,0
IN0330,Startup_330,FinTech,Ahmedabad,2012,Series B,115678000,SAIF Partners,Acquired,4056,0,7,0
IN0331,Startup_331,FoodTech,Kolkata,2021,Grant,427000,Sequoia Capital India,Closed,1808,0,2,0
IN0332,Startup_332,FinTech,Pune,2013,Series C,55150000,Angel Network,Closed,4059,0,9,0
IN0333,Startup_333,TravelTech,Mumbai,2019,Seed,24485000,Kalaari Capital,Closed,4442,0,1,0
IN0334,Startup_334,FoodTech,Jaipur,2013,Bootstrapped,4153000,Government Grant,Active,2029,1135000,10,0
IN0335,Startup_335,FinTech,Ahmedabad,2014,Series D+,10894000,Y Combinator,Acquired,963,0,4,0
IN0336,Startup_336,E-Commerce,Noida,2021,Series D+,67285000,Matrix Partners,Acquired,1361,0,1,0
IN0337,Startup_337,E-Commerce,Hyderabad,2022,Pre-Seed,5874000,Elevation Capital,Closed,4415,0,1,0
IN0338,Startup_338,AgriTech,Pune,2014,Series C,20625000,500 Startups,Merged,782,0,3,0
IN0339,Startup_339,LogisticsTech,Bengaluru,2014,Series A,8135000,Tiger Global,Closed,2640,0,4,0
IN0340,Startup_340,LogisticsTech,Ahmedabad,2012,Series C,22635000,Accel Partners,Closed,764,0,7,0
IN0341,Startup_341,TravelTech,Pune,2021,Series D+,22013000,Elevation Capital,Closed,22,0,1,0
IN0342,Startup_342,FoodTech,Chennai,2023,Seed,19976000,Matrix Partners,Closed,1737,0,2,0
IN0343,Startup_343,SaaS,Chennai,2023,Series C,40519000,Elevation Capital,Closed,3977,0,2,0
IN0344,Startup_344,FinTech,Bengaluru,2011,Grant,11157000,Tiger Global,Active,3617,4378000,12,0
IN0345,Startup_345,LogisticsTech,Hyderabad,2021,Series A,18252000,Y Combinator,Acquired,2246,0,1,0
IN0346,Startup_346,AgriTech,Pune,2011,Series D+,25992000,Sequoia Capital India,Closed,3248,0,11,0
IN0347,Startup_347,SaaS,Hyderabad,2016,Seed,226000,Blume Ventures,Closed,640,0,2,0
IN0348,Startup_348,HRTech,Hyderabad,2018,Grant,2438000,Y Combinator,Active,989,1929000,5,0
IN0349,Startup_349,LogisticsTech,Delhi NCR,2017,Seed,5542000,Government Grant,Closed,841,0,1,0
IN0350,Startup_350,AgriTech,Chennai,2014,Series A,32553000,Y Combinator,Closed,1092,0,3,0
IN0351,Startup_351,EdTech,Jaipur,2019,Pre-Seed,1330000,Kalaari Capital,Closed,1747,0,2,0
IN0352,Startup_352,LogisticsTech,Noida,2020,Grant,538000,Accel Partners,Acquired,1148,0,1,0
IN0353,Startup_353,HRTech,Kolkata,2015,Bootstrapped,498000,Nexus Venture,Closed,692,0,4,0
IN0354,Startup_354,TravelTech,Noida,2019,Series C,31102000,Y Combinator,Closed,2473,0,2,0
IN0355,Startup_355,TravelTech,Noida,2018,Series B,13370000,Sequoia Capital India,Closed,1962,0,4,0
IN0356,Startup_356,LogisticsTech,Mumbai,2013,Grant,445000,500 Startups,Closed,100,0,6,0
IN0357,Startup_357,AgriTech,Delhi NCR,2016,Bootstrapped,2735000,Government Grant,Closed,3860,0,7,0
IN0358,Startup_358,EdTech,Bengaluru,2019,Seed,17416000,500 Startups,Active,497,13262000,4,0
IN0359,Startup_359,LogisticsTech,Jaipur,2014,Bootstrapped,2426000,Bootstrapped,Closed,4397,0,9,0
IN0360,Startup_360,HRTech,Delhi NCR,2014,Seed,17945000,SoftBank,Closed,1274,0,9,0
IN0361,Startup_361,AgriTech,Kolkata,2019,Seed,17556000,Y Combinator,Closed,1956,0,1,0
IN0362,Startup_362,E-Commerce,Mumbai,2016,Seed,67128000,Nexus Venture,Closed,1440,0,1,0
IN0363,Startup_363,FinTech,Delhi NCR,2021,Pre-Seed,11438000,SAIF Partners,Closed,4239,0,2,0
IN0364,Startup_364,HealthTech,Chennai,2012,Series C,10890000,500 Startups,Closed,242,0,6,0
IN0365,Startup_365,LogisticsTech,Pune,2018,Seed,58508000,Bootstrapped,Closed,633,0,4,0
IN0366,Startup_366,FoodTech,Jaipur,2015,Pre-Seed,2841000,Kalaari Capital,Closed,1290,0,5,0
IN0367,Startup_367,EdTech,Noida,2020,Seed,40804000,Sequoia Capital India,Closed,102,0,1,0
IN0368,Startup_368,FinTech,Ahmedabad,2015,Bootstrapped,2189000,Y Combinator,Acquired,291,0,7,0
IN0369,Startup_369,E-Commerce,Chennai,2013,Bootstrapped,3546000,Y Combinator,Acquired,640,0,10,0
IN0370,Startup_370,AgriTech,Mumbai,2018,Pre-Seed,3219000,Sequoia Capital India,Closed,3286,0,1,0
IN0371,Startup_371,FoodTech,Pune,2022,Series C,27722000,Sequoia Capital India,Closed,3024,0,1,0
IN0372,Startup_372,SaaS,Noida,2022,Series C,17094000,Kalaari Capital,Closed,4849,0,2,0
IN0373,Startup_373,E-Commerce,Jaipur,2022,Series B,102591000,Sequoia Capital India,Closed,1910,0,2,0
IN0374,Startup_374,FinTech,Chennai,2010,Bootstrapped,8740000,Accel Partners,Acquired,1682,0,9,0
IN0375,Startup_375,E-Commerce,Kolkata,2017,Pre-Seed,1600000,Nexus Venture,Merged,764,0,1,0
IN0376,Startup_376,E-Commerce,Jaipur,2016,Series D+,82370000,Elevation Capital,Closed,784,0,5,0
IN0377,Startup_377,HealthTech,Kolkata,2011,Pre-Seed,8679000,SoftBank,Closed,2391,0,5,0
IN0378,Startup_378,AgriTech,Kolkata,2021,Series D+,10951000,Accel Partners,Closed,1662,0,1,0
IN0379,Startup_379,HRTech,Mumbai,2012,Seed,16365000,Matrix Partners,Closed,991,0,9,0
IN0380,Startup_380,AgriTech,Hyderabad,2017,Series C,34114000,Accel Partners,Closed,1293,0,6,0
IN0381,Startup_381,SaaS,Noida,2010,Series B,23046000,Accel Partners,Acquired,2035,0,6,0
IN0382,Startup_382,LogisticsTech,Jaipur,2010,Series C,59442000,Sequoia Capital India,Closed,3314,0,8,0
IN0383,Startup_383,TravelTech,Jaipur,2013,Seed,36195000,Tiger Global,Closed,996,0,1,0
IN0384,Startup_384,FinTech,Hyderabad,2012,Series B,44983000,Bootstrapped,Acquired,690,0,10,0
IN0385,Startup_385,HRTech,Pune,2023,Seed,2350000,500 Startups,Active,3634,1544000,0,0
IN0386,Startup_386,EdTech,Chennai,2011,Pre-Seed,424000,500 Startups,Merged,4703,0,7,0
IN0387,Startup_387,LogisticsTech,Ahmedabad,2010,Bootstrapped,1053000,SoftBank,Closed,1535,0,5,0
IN0388,Startup_388,SaaS,Ahmedabad,2012,Pre-Seed,4325000,Bootstrapped,Closed,2419,0,8,0
IN0389,Startup_389,LogisticsTech,Jaipur,2017,Pre-Seed,2310000,Matrix Partners,Active,1635,1229000,6,0
IN0390,Startup_390,TravelTech,Hyderabad,2020,Pre-Seed,3521000,Kalaari Capital,Merged,3931,0,3,0
IN0391,Startup_391,FoodTech,Chennai,2019,Series D+,9114000,Kalaari Capital,Closed,4893,0,2,0
IN0392,Startup_392,FinTech,Pune,2010,Grant,9214000,SoftBank,Closed,1309,0,2,0
IN0393,Startup_393,E-Commerce,Hyderabad,2014,Pre-Seed,10428000,Elevation Capital,Closed,3183,0,6,0
IN0394,Startup_394,HealthTech,Delhi NCR,2013,Series D+,62877000,500 Startups,Acquired,4848,0,1,0
IN0395,Startup_395,AgriTech,Noida,2019,Series A,7611000,Government Grant,Closed,4034,0,3,0
IN0396,Startup_396,HealthTech,Ahmedabad,2010,Seed,54269000,Sequoia Capital India,Active,4314,22168000,13,0
IN0397,Startup_397,AgriTech,Noida,2013,Series A,7181000,Government Grant,Closed,2652,0,1,0
IN0398,Startup_398,FinTech,Delhi NCR,2019,Series A,101654000,Y Combinator,Closed,2991,0,1,0
IN0399,Startup_399,AgriTech,Kolkata,2019,Seed,12972000,Tiger Global,Closed,3580,0,4,0
IN0400,Startup_400,AgriTech,Delhi NCR,2021,Series D+,23599000,Tiger Global,Closed,3101,0,2,0
IN0401,Startup_401,SaaS,Delhi NCR,2012,Pre-Seed,6642000,Matrix Partners,Merged,4650,0,1,0
IN0402,Startup_402,HealthTech,Noida,2015,Series B,9639000,Blume Ventures,Closed,1154,0,6,0
IN0403,Startup_403,EdTech,Hyderabad,2015,Series D+,70849000,Accel Partners,Closed,2752,0,8,0
IN0404,Startup_404,FinTech,Pune,2013,Series B,42382000,Government Grant,Closed,887,0,1,0
IN0405,Startup_405,FinTech,Kolkata,2017,Bootstrapped,10620000,Blume Ventures,Merged,3104,0,3,0
IN0406,Startup_406,TravelTech,Kolkata,2011,Grant,2606000,Government Grant,Closed,1849,0,3,0
IN0407,Startup_407,FoodTech,Mumbai,2022,Pre-Seed,1604000,Accel Partners,Closed,609,0,2,0
IN0408,Startup_408,HealthTech,Kolkata,2012,Seed,80862000,Accel Partners,Closed,2770,0,10,0
IN0409,Startup_409,HRTech,Ahmedabad,2021,Pre-Seed,2291000,Elevation Capital,Closed,3558,0,1,0
IN0410,Startup_410,FinTech,Mumbai,2015,Series B,49409000,SAIF Partners,Merged,4426,0,5,0
IN0411,Startup_411,SaaS,Pune,2013,Seed,40088000,Y Combinator,Active,4023,6622000,10,0
IN0412,Startup_412,AgriTech,Bengaluru,2016,Seed,26515000,Elevation Capital,Closed,3936,0,2,0
IN0413,Startup_413,EdTech,Bengaluru,2013,Series A,78169000,Blume Ventures,Closed,948,0,5,0
IN0414,Startup_414,LogisticsTech,Ahmedabad,2017,Series C,32739000,Tiger Global,Active,3041,23380000,6,0
IN0415,Startup_415,AgriTech,Delhi NCR,2017,Pre-Seed,1866000,SoftBank,Closed,2202,0,5,0
IN0416,Startup_416,FinTech,Delhi NCR,2022,Seed,41583000,SAIF Partners,Active,3393,32353000,1,0
IN0417,Startup_417,HRTech,Hyderabad,2018,Pre-Seed,2866000,Matrix Partners,Acquired,4388,0,4,0
IN0418,Startup_418,HRTech,Hyderabad,2017,Series C,31607000,Angel Network,Active,286,13483000,6,0
IN0419,Startup_419,TravelTech,Noida,2020,Series A,34098000,Tiger Global,Closed,1371,0,1,0
IN0420,Startup_420,E-Commerce,Delhi NCR,2010,Bootstrapped,7527000,SoftBank,Active,1213,5085000,13,0
IN0421,Startup_421,SaaS,Chennai,2021,Seed,39012000,SAIF Partners,Active,2673,27015000,2,0
IN0422,Startup_422,TravelTech,Ahmedabad,2023,Pre-Seed,2808000,SAIF Partners,Closed,3439,0,1,0
IN0423,Startup_423,LogisticsTech,Delhi NCR,2012,Seed,33848000,Accel Partners,Acquired,2345,0,9,0
IN0424,Startup_424,AgriTech,Kolkata,2014,Bootstrapped,2292000,Blume Ventures,Closed,308,0,3,0
IN0425,Startup_425,SaaS,Kolkata,2012,Bootstrapped,6229000,Kalaari Capital,Active,1948,542000,11,0
IN0426,Startup_426,FoodTech,Pune,2015,Pre-Seed,3971000,Nexus Venture,Closed,2298,0,8,0
IN0427,Startup_427,EdTech,Hyderabad,2012,Series C,35560000,Y Combinator,Merged,2630,0,5,0
IN0428,Startup_428,LogisticsTech,Noida,2020,Seed,12841000,Y Combinator,Closed,3337,0,3,0
IN0429,Startup_429,FoodTech,Jaipur,2023,Series D+,25836000,Tiger Global,Acquired,539,0,2,0
IN0430,Startup_430,TravelTech,Kolkata,2012,Pre-Seed,3940000,SoftBank,Closed,474,0,4,0
IN0431,Startup_431,FinTech,Ahmedabad,2010,Series D+,33240000,Y Combinator,Closed,3804,0,9,0
IN0432,Startup_432,LogisticsTech,Mumbai,2020,Pre-Seed,2943000,Blume Ventures,Closed,1456,0,2,0
IN0433,Startup_433,HRTech,Jaipur,2015,Series D+,31318000,Angel Network,Closed,742,0,5,0
IN0434,Startup_434,FinTech,Kolkata,2010,Series A,93690000,SoftBank,Acquired,1815,0,11,0
IN0435,Startup_435,E-Commerce,Hyderabad,2014,Bootstrapped,9516000,Government Grant,Closed,74,0,8,0
IN0436,Startup_436,HealthTech,Delhi NCR,2019,Pre-Seed,5487000,Nexus Venture,Closed,2257,0,4,0
IN0437,Startup_437,LogisticsTech,Chennai,2017,Series C,18268000,SAIF Partners,Closed,3255,0,5,0
IN0438,Startup_438,EdTech,Bengaluru,2018,Series D+,47583000,Nexus Venture,Closed,2447,0,1,0
IN0439,Startup_439,FoodTech,Mumbai,2015,Series C,43095000,Nexus Venture,Closed,2449,0,4,0
IN0440,Startup_440,HealthTech,Jaipur,2022,Series B,72547000,Government Grant,Acquired,4917,0,2,0
IN0441,Startup_441,AgriTech,Delhi NCR,2021,Pre-Seed,3990000,Nexus Venture,Closed,3430,0,2,0
IN0442,Startup_442,LogisticsTech,Bengaluru,2019,Series B,42859000,Bootstrapped,Closed,4381,0,4,0
IN0443,Startup_443,AgriTech,Jaipur,2014,Series A,35072000,Tiger Global,Acquired,2408,0,2,0
IN0444,Startup_444,FoodTech,Delhi NCR,2021,Series C,28018000,500 Startups,Closed,1501,0,2,0
IN0445,Startup_445,EdTech,Hyderabad,2015,Series B,24705000,Government Grant,Closed,2716,0,6,0
IN0446,Startup_446,SaaS,Noida,2014,Grant,3302000,Y Combinator,Acquired,4782,0,2,0
IN0447,Startup_447,FoodTech,Hyderabad,2018,Seed,19176000,Nexus Venture,Acquired,3386,0,1,0
IN0448,Startup_448,HealthTech,Delhi NCR,2013,Series D+,51376000,500 Startups,Closed,3750,0,3,0
IN0449,Startup_449,AgriTech,Delhi NCR,2022,Seed,25278000,Tiger Global,Closed,2569,0,1,0
IN0450,Startup_450,FinTech,Ahmedabad,2014,Series B,20648000,Government Grant,Closed,1299,0,8,0
IN0451,Startup_451,EdTech,Delhi NCR,2019,Bootstrapped,3239000,Blume Ventures,Closed,3142,0,1,0
IN0452,Startup_452,FinTech,Jaipur,2013,Series D+,107095000,Government Grant,Merged,4352,0,4,0
IN0453,Startup_453,FinTech,Bengaluru,2020,Series B,105300000,Nexus Venture,Closed,1058,0,1,0
IN0454,Startup_454,LogisticsTech,Jaipur,2019,Series C,49466000,Nexus Venture,Closed,2384,0,4,0
IN0455,Startup_455,TravelTech,Noida,2018,Series D+,30936000,Tiger Global,Closed,2809,0,4,0
IN0456,Startup_456,AgriTech,Hyderabad,2012,Bootstrapped,905000,Tiger Global,Active,1732,544000,11,0
IN0457,Startup_457,HRTech,Jaipur,2012,Seed,22804000,Sequoia Capital India,Closed,3075,0,11,0
IN0458,Startup_458,SaaS,Jaipur,2019,Pre-Seed,350000,Accel Partners,Closed,163,0,1,0
IN0459,Startup_459,EdTech,Kolkata,2017,Bootstrapped,2037000,Angel Network,Closed,1256,0,2,0
IN0460,Startup_460,FinTech,Pune,2016,Seed,32762000,Elevation Capital,Closed,1125,0,4,0
IN0461,Startup_461,EdTech,Jaipur,2021,Seed,62824000,Blume Ventures,Closed,1629,0,1,0
IN0462,Startup_462,SaaS,Jaipur,2013,Series D+,20780000,Sequoia Capital India,Closed,4492,0,8,0
IN0463,Startup_463,E-Commerce,Ahmedabad,2015,Series B,74011000,500 Startups,Active,906,50063000,8,0
IN0464,Startup_464,FoodTech,Delhi NCR,2011,Seed,5199000,Nexus Venture,Closed,1895,0,8,0
IN0465,Startup_465,SaaS,Pune,2017,Pre-Seed,1235000,Sequoia Capital India,Active,2382,395000,6,0
IN0466,Startup_466,AgriTech,Kolkata,2021,Seed,30352000,Sequoia Capital India,Active,81,20912000,2,0
IN0467,Startup_467,HealthTech,Chennai,2015,Grant,2437000,Angel Network,Merged,763,0,6,0
IN0468,Startup_468,AgriTech,Delhi NCR,2011,Bootstrapped,1832000,Y Combinator,Closed,3161,0,12,0
IN0469,Startup_469,FoodTech,Kolkata,2020,Series A,34854000,Sequoia Capital India,Active,1307,4454000,3,0
IN0470,Startup_470,HRTech,Ahmedabad,2022,Grant,1335000,Kalaari Capital,Closed,238,0,1,0
IN0471,Startup_471,FoodTech,Ahmedabad,2011,Bootstrapped,331000,Bootstrapped,Closed,2576,0,1,0
IN0472,Startup_472,TravelTech,Noida,2021,Series B,30176000,Kalaari Capital,Merged,4254,0,1,0
IN0473,Startup_473,LogisticsTech,Hyderabad,2017,Series D+,38556000,Tiger Global,Closed,4575,0,5,0
IN0474,Startup_474,FinTech,Bengaluru,2020,Series A,56580000,Blume Ventures,Closed,1356,0,1,0
IN0475,Startup_475,FoodTech,Chennai,2013,Series D+,2660000,SoftBank,Merged,4511,0,7,0
IN0476,Startup_476,LogisticsTech,Hyderabad,2011,Grant,3447000,Accel Partners,Closed,4085,0,8,0
IN0477,Startup_477,AgriTech,Mumbai,2017,Pre-Seed,1655000,SAIF Partners,Active,4500,83000,6,0
IN0478,Startup_478,EdTech,Noida,2019,Series C,45074000,Bootstrapped,Acquired,3739,0,3,0
IN0479,Startup_479,AgriTech,Bengaluru,2023,Series B,13346000,Government Grant,Acquired,4916,0,2,0
IN0480,Startup_480,AgriTech,Ahmedabad,2011,Seed,8948000,Kalaari Capital,Closed,2911,0,11,0
IN0481,Startup_481,SaaS,Jaipur,2018,Series D+,3348000,Tiger Global,Closed,4035,0,2,0
IN0482,Startup_482,LogisticsTech,Mumbai,2014,Series B,55827000,Matrix Partners,Closed,1768,0,8,0
IN0483,Startup_483,E-Commerce,Chennai,2011,Bootstrapped,6980000,Bootstrapped,Active,4825,994000,12,0
IN0484,Startup_484,FoodTech,Ahmedabad,2020,Series A,366000,Angel Network,Merged,399,0,3,0
IN0485,Startup_485,LogisticsTech,Noida,2017,Series A,10584000,Y Combinator,Closed,1053,0,1,0
IN0486,Startup_486,LogisticsTech,Noida,2019,Series D+,23203000,Elevation Capital,Closed,2035,0,3,0
IN0487,Startup_487,LogisticsTech,Chennai,2014,Grant,846000,Elevation Capital,Acquired,4198,0,5,0
IN0488,Startup_488,TravelTech,Chennai,2021,Series B,28125000,Nexus Venture,Closed,2830,0,1,0
IN0489,Startup_489,HealthTech,Jaipur,2018,Series D+,68542000,SAIF Partners,Closed,3937,0,5,0
IN0490,Startup_490,HRTech,Kolkata,2020,Series C,14841000,Sequoia Capital India,Acquired,4284,0,1,0
IN0491,Startup_491,FinTech,Kolkata,2012,Pre-Seed,2439000,Government Grant,Closed,1320,0,5,0
IN0492,Startup_492,SaaS,Delhi NCR,2023,Pre-Seed,2077000,Government Grant,Closed,4435,0,1,0
IN0493,Startup_493,AgriTech,Ahmedabad,2011,Series B,22495000,SoftBank,Closed,4187,0,12,0
IN0494,Startup_494,SaaS,Bengaluru,2016,Bootstrapped,5520000,Bootstrapped,Closed,2563,0,5,0
IN0495,Startup_495,FinTech,Bengaluru,2021,Series C,104328000,Y Combinator,Closed,3631,0,1,0
IN0496,Startup_496,AgriTech,Noida,2018,Series B,38575000,Nexus Venture,Closed,3678,0,2,0
IN0497,Startup_497,EdTech,Delhi NCR,2012,Seed,34395000,SAIF Partners,Closed,2166,0,3,0
IN0498,Startup_498,HealthTech,Noida,2023,Series C,42130000,500 Startups,Active,1270,3369000,0,0
IN0499,Startup_499,AgriTech,Noida,2010,Series C,22950000,Kalaari Capital,Closed,599,0,13,0
IN0500,Startup_500,AgriTech,Jaipur,2013,Series A,31472000,Tiger Global,Closed,3409,0,9,0
IN0501,Startup_501,TravelTech,Kolkata,2011,Series D+,9680000,Kalaari Capital,Closed,2714,0,6,0
IN0502,Startup_502,SaaS,Hyderabad,2022,Grant,5768000,Bootstrapped,Merged,74,0,1,0
IN0503,Startup_503,AgriTech,Ahmedabad,2013,Series B,27334000,Kalaari Capital,Merged,3126,0,2,0
IN0504,Startup_504,LogisticsTech,Pune,2018,Series C,31109000,Government Grant,Active,3073,13555000,5,0
IN0505,Startup_505,TravelTech,Ahmedabad,2017,Pre-Seed,2935000,Kalaari Capital,Closed,4211,0,1,0
IN0506,Startup_506,EdTech,Delhi NCR,2022,Pre-Seed,1702000,Bootstrapped,Closed,1748,0,2,0
IN0507,Startup_507,EdTech,Hyderabad,2018,Bootstrapped,7519000,Angel Network,Closed,1261,0,1,0
IN0508,Startup_508,FoodTech,Chennai,2010,Seed,9023000,Nexus Venture,Active,4573,928000,13,0
IN0509,Startup_509,E-Commerce,Pune,2016,Bootstrapped,4473000,Kalaari Capital,Closed,140,0,4,0
IN0510,Startup_510,EdTech,Jaipur,2010,Seed,46932000,Angel Network,Closed,596,0,6,0
IN0511,Startup_511,TravelTech,Mumbai,2014,Series C,12740000,500 Startups,Closed,3587,0,7,0
IN0512,Startup_512,LogisticsTech,Bengaluru,2017,Series A,8356000,Matrix Partners,Closed,4472,0,3,0
IN0513,Startup_513,HealthTech,Pune,2020,Series D+,1300000,Y Combinator,Merged,4549,0,1,0
IN0514,Startup_514,EdTech,Bengaluru,2010,Bootstrapped,7577000,Nexus Venture,Closed,1722,0,12,0
IN0515,Startup_515,AgriTech,Hyderabad,2016,Series A,8909000,Y Combinator,Closed,2072,0,2,0
IN0516,Startup_516,EdTech,Delhi NCR,2020,Pre-Seed,7460000,SAIF Partners,Acquired,3780,0,3,0
IN0517,Startup_517,TravelTech,Mumbai,2014,Seed,8964000,Elevation Capital,Closed,3993,0,6,0
IN0518,Startup_518,AgriTech,Delhi NCR,2020,Series B,24819000,500 Startups,Active,1587,7156000,3,0
IN0519,Startup_519,FoodTech,Chennai,2019,Series C,7747000,Elevation Capital,Closed,2987,0,3,0
IN0520,Startup_520,LogisticsTech,Delhi NCR,2010,Series D+,13447000,Angel Network,Closed,3574,0,5,0
IN0521,Startup_521,AgriTech,Delhi NCR,2020,Series D+,18568000,Kalaari Capital,Acquired,2504,0,2,0
IN0522,Startup_522,TravelTech,Mumbai,2012,Seed,38656000,Tiger Global,Acquired,4414,0,4,0
IN0523,Startup_523,SaaS,Mumbai,2021,Seed,59494000,Bootstrapped,Acquired,257,0,2,0
IN0524,Startup_524,HRTech,Hyderabad,2010,Series C,34956000,Blume Ventures,Closed,1219,0,6,0
IN0525,Startup_525,LogisticsTech,Hyderabad,2022,Series C,30167000,Accel Partners,Closed,3252,0,2,0
IN0526,Startup_526,TravelTech,Bengaluru,2020,Series B,36314000,Elevation Capital,Acquired,1360,0,3,0
IN0527,Startup_527,HealthTech,Ahmedabad,2012,Series A,51053000,Y Combinator,Closed,1199,0,8,0
IN0528,Startup_528,AgriTech,Bengaluru,2013,Grant,1065000,SoftBank,Closed,352,0,4,0
IN0529,Startup_529,TravelTech,Chennai,2016,Grant,3968000,Sequoia Capital India,Acquired,2656,0,1,0
IN0530,Startup_530,TravelTech,Pune,2023,Series C,25700000,Matrix Partners,Closed,3102,0,2,0
IN0531,Startup_531,HRTech,Mumbai,2018,Series C,31763000,SAIF Partners,Closed,3326,0,3,0
IN0532,Startup_532,AgriTech,Ahmedabad,2022,Grant,36000,500 Startups,Acquired,1140,0,2,0
IN0533,Startup_533,HealthTech,Hyderabad,2011,Series C,17065000,Kalaari Capital,Closed,4933,0,12,0
IN0534,Startup_534,EdTech,Hyderabad,2016,Series D+,38625000,Blume Ventures,Closed,3926,0,2,0
IN0535,Startup_535,HRTech,Delhi NCR,2020,Bootstrapped,161000,Elevation Capital,Active,4854,28000,3,0
IN0536,Startup_536,TravelTech,Bengaluru,2019,Series A,11696000,Tiger Global,Active,4234,8990000,4,0
IN0537,Startup_537,HRTech,Noida,2020,Pre-Seed,2551000,Y Combinator,Acquired,2324,0,1,0
IN0538,Startup_538,E-Commerce,Ahmedabad,2019,Grant,1909000,Y Combinator,Acquired,3367,0,2,0
IN0539,Startup_539,HRTech,Delhi NCR,2019,Series C,24027000,500 Startups,Closed,3716,0,1,0
IN0540,Startup_540,E-Commerce,Kolkata,2016,Series A,22577000,Y Combinator,Active,4133,12717000,7,0
IN0541,Startup_541,HealthTech,Noida,2011,Series A,55443000,Sequoia Capital India,Closed,4355,0,9,0
IN0542,Startup_542,EdTech,Mumbai,2017,Series A,43235000,Sequoia Capital India,Acquired,3536,0,5,0
IN0543,Startup_543,LogisticsTech,Chennai,2023,Pre-Seed,2585000,Government Grant,Closed,3951,0,2,0
IN0544,Startup_544,AgriTech,Noida,2022,Seed,10255000,Government Grant,Closed,1906,0,1,0
IN0545,Startup_545,SaaS,Noida,2018,Bootstrapped,53000,Angel Network,Closed,60,0,5,0
IN0546,Startup_546,TravelTech,Mumbai,2018,Pre-Seed,932000,Government Grant,Closed,2589,0,4,0
IN0547,Startup_547,AgriTech,Mumbai,2012,Bootstrapped,1022000,Y Combinator,Closed,4393,0,7,0
IN0548,Startup_548,HRTech,Chennai,2019,Series C,13971000,SoftBank,Merged,3387,0,4,0
IN0549,Startup_549,HealthTech,Chennai,2018,Grant,2781000,Kalaari Capital,Closed,3263,0,2,0
IN0550,Startup_550,EdTech,Hyderabad,2017,Series A,40766000,Government Grant,Active,2774,26524000,6,0
IN0551,Startup_551,HRTech,Bengaluru,2012,Bootstrapped,28000,Accel Partners,Merged,1192,0,8,0
IN0552,Startup_552,HRTech,Kolkata,2011,Seed,13042000,Elevation Capital,Closed,311,0,12,0
IN0553,Startup_553,LogisticsTech,Kolkata,2019,Series C,35929000,Government Grant,Closed,1437,0,4,0
IN0554,Startup_554,FoodTech,Bengaluru,2013,Series C,39230000,SAIF Partners,Closed,4227,0,4,0
IN0555,Startup_555,HRTech,Delhi NCR,2020,Pre-Seed,2296000,Tiger Global,Closed,713,0,2,0
IN0556,Startup_556,LogisticsTech,Chennai,2020,Bootstrapped,1218000,Sequoia Capital India,Closed,564,0,1,0
IN0557,Startup_557,TravelTech,Pune,2021,Series D+,36717000,SoftBank,Closed,4969,0,1,0
IN0558,Startup_558,FoodTech,Kolkata,2019,Pre-Seed,2045000,Accel Partners,Closed,4578,0,1,0
IN0559,Startup_559,TravelTech,Pune,2015,Seed,43056000,500 Startups,Acquired,4408,0,5,0
IN0560,Startup_560,FoodTech,Kolkata,2019,Grant,3791000,Government Grant,Closed,3760,0,4,0
IN0561,Startup_561,HRTech,Bengaluru,2017,Seed,13455000,Government Grant,Closed,1807,0,6,0
IN0562,Startup_562,E-Commerce,Chennai,2016,Series D+,1466000,Y Combinator,Closed,2159,0,2,0
IN0563,Startup_563,SaaS,Mumbai,2016,Series D+,65208000,Blume Ventures,Active,2573,20551000,7,0
IN0564,Startup_564,HRTech,Pune,2012,Series B,7068000,Angel Network,Closed,1984,0,5,0
IN0565,Startup_565,E-Commerce,Hyderabad,2013,Series B,39421000,Government Grant,Acquired,875,0,2,0
IN0566,Startup_566,EdTech,Ahmedabad,2019,Pre-Seed,4341000,Sequoia Capital India,Closed,3952,0,3,0
IN0567,Startup_567,HRTech,Chennai,2017,Series C,34455000,500 Startups,Closed,4189,0,3,0
IN0568,Startup_568,LogisticsTech,Hyderabad,2022,Series A,47996000,Blume Ventures,Active,4431,3572000,1,0
IN0569,Startup_569,AgriTech,Kolkata,2023,Series A,4903000,SAIF Partners,Closed,3770,0,2,0
IN0570,Startup_570,FinTech,Bengaluru,2020,Series B,12539000,Kalaari Capital,Closed,2129,0,1,0
IN0571,Startup_571,TravelTech,Pune,2013,Series C,27627000,Kalaari Capital,Closed,1508,0,8,0
IN0572,Startup_572,LogisticsTech,Hyderabad,2016,Series D+,24155000,Blume Ventures,Closed,1475,0,5,0
IN0573,Startup_573,HealthTech,Noida,2020,Series B,64957000,Government Grant,Acquired,1933,0,3,0
IN0574,Startup_574,LogisticsTech,Kolkata,2013,Series A,44365000,Blume Ventures,Acquired,81,0,3,0
IN0575,Startup_575,LogisticsTech,Ahmedabad,2012,Series D+,18142000,SAIF Partners,Closed,4653,0,1,0
IN0576,Startup_576,LogisticsTech,Mumbai,2021,Series A,48866000,Blume Ventures,Active,790,18930000,2,0
IN0577,Startup_577,AgriTech,Pune,2015,Series D+,37281000,Nexus Venture,Closed,2821,0,1,0
IN0578,Startup_578,LogisticsTech,Mumbai,2015,Series B,39062000,SAIF Partners,Closed,1431,0,5,0
IN0579,Startup_579,AgriTech,Chennai,2020,Grant,1793000,Accel Partners,Closed,3123,0,3,0
IN0580,Startup_580,SaaS,Ahmedabad,2020,Series A,44895000,500 Startups,Acquired,2765,0,2,0
IN0581,Startup_581,HRTech,Noida,2016,Seed,12093000,Kalaari Capital,Active,2597,6527000,7,0
IN0582,Startup_582,SaaS,Noida,2020,Bootstrapped,3123000,Y Combinator,Closed,2977,0,3,0
IN0583,Startup_583,HRTech,Jaipur,2017,Bootstrapped,2991000,Tiger Global,Closed,1924,0,6,0
IN0584,Startup_584,SaaS,Mumbai,2013,Series A,6824000,500 Startups,Closed,3878,0,9,0
IN0585,Startup_585,FinTech,Bengaluru,2022,Bootstrapped,11952000,Accel Partners,Closed,2152,0,1,0
IN0586,Startup_586,EdTech,Kolkata,2014,Series B,22877000,Bootstrapped,Closed,1037,0,3,0
IN0587,Startup_587,TravelTech,Delhi NCR,2010,Pre-Seed,3873000,Kalaari Capital,Closed,3902,0,8,0
IN0588,Startup_588,TravelTech,Pune,2018,Grant,4269000,SAIF Partners,Closed,1452,0,5,0
IN0589,Startup_589,HRTech,Ahmedabad,2020,Bootstrapped,2242000,Nexus Venture,Closed,2846,0,2,0
IN0590,Startup_590,TravelTech,Hyderabad,2022,Seed,16524000,Nexus Venture,Closed,1277,0,2,0
IN0591,Startup_591,FinTech,Bengaluru,2018,Series A,56569000,Sequoia Capital India,Closed,4031,0,4,0
IN0592,Startup_592,SaaS,Bengaluru,2022,Bootstrapped,4185000,Government Grant,Acquired,61,0,2,0
IN0593,Startup_593,E-Commerce,Kolkata,2018,Bootstrapped,1829000,Angel Network,Closed,3194,0,4,0
IN0594,Startup_594,E-Commerce,Pune,2011,Bootstrapped,5702000,Government Grant,Closed,2229,0,5,0
IN0595,Startup_595,TravelTech,Pune,2016,Series B,8290000,Nexus Venture,Acquired,906,0,6,0
IN0596,Startup_596,FoodTech,Noida,2017,Series C,24676000,Kalaari Capital,Closed,160,0,2,0
IN0597,Startup_597,FinTech,Jaipur,2010,Series A,34213000,Tiger Global,Merged,3593,0,12,0
IN0598,Startup_598,FinTech,Hyderabad,2011,Series A,26454000,Matrix Partners,Active,2554,16912000,12,0
IN0599,Startup_599,FoodTech,Chennai,2017,Pre-Seed,4220000,Tiger Global,Closed,461,0,3,0
IN0600,Startup_600,LogisticsTech,Mumbai,2018,Grant,5376000,Nexus Venture,Closed,3127,0,1,0
IN0601,Startup_601,EdTech,Hyderabad,2016,Grant,7956000,SoftBank,Closed,3777,0,6,0
IN0602,Startup_602,EdTech,Jaipur,2020,Series B,54579000,Nexus Venture,Closed,2648,0,1,0
IN0603,Startup_603,FinTech,Jaipur,2018,Seed,76803000,SoftBank,Closed,2954,0,1,0
IN0604,Startup_604,E-Commerce,Mumbai,2013,Bootstrapped,1874000,Nexus Venture,Closed,4791,0,2,0
IN0605,Startup_605,LogisticsTech,Hyderabad,2010,Pre-Seed,4151000,Angel Network,Closed,4886,0,3,0
IN0606,Startup_606,AgriTech,Mumbai,2013,Series A,27469000,Kalaari Capital,Closed,493,0,1,0
IN0607,Startup_607,AgriTech,Delhi NCR,2021,Seed,9384000,SAIF Partners,Closed,2847,0,2,0
IN0608,Startup_608,E-Commerce,Bengaluru,2021,Bootstrapped,1517000,500 Startups,Closed,325,0,2,0
IN0609,Startup_609,FoodTech,Jaipur,2014,Grant,945000,Kalaari Capital,Closed,2653,0,8,0
IN0610,Startup_610,SaaS,Noida,2023,Series A,10979000,Nexus Venture,Active,2159,5009000,0,0
IN0611,Startup_611,FoodTech,Bengaluru,2022,Bootstrapped,4416000,Elevation Capital,Closed,2984,0,1,0
IN0612,Startup_612,AgriTech,Mumbai,2020,Bootstrapped,2736000,Government Grant,Closed,4519,0,1,0
IN0613,Startup_613,HRTech,Pune,2015,Bootstrapped,396000,SAIF Partners,Closed,548,0,1,0
IN0614,Startup_614,HealthTech,Delhi NCR,2023,Pre-Seed,4384000,Accel Partners,Closed,262,0,2,0
IN0615,Startup_615,FoodTech,Jaipur,2019,Series C,11153000,Angel Network,Active,582,667000,4,0
IN0616,Startup_616,E-Commerce,Ahmedabad,2023,Seed,70425000,Kalaari Capital,Closed,4573,0,2,0
IN0617,Startup_617,AgriTech,Bengaluru,2023,Series C,29399000,Y Combinator,Closed,2491,0,1,0
IN0618,Startup_618,E-Commerce,Jaipur,2011,Seed,58670000,SoftBank,Closed,1584,0,9,0
IN0619,Startup_619,E-Commerce,Noida,2020,Series A,61572000,Angel Network,Closed,866,0,3,0
IN0620,Startup_620,HRTech,Chennai,2020,Grant,1500000,Accel Partners,Closed,1368,0,1,0
IN0621,Startup_621,TravelTech,Kolkata,2018,Series D+,24072000,Elevation Capital,Closed,3631,0,3,0
IN0622,Startup_622,AgriTech,Jaipur,2015,Series D+,25366000,Y Combinator,Closed,2651,0,4,0
IN0623,Startup_623,HRTech,Jaipur,2013,Bootstrapped,3242000,Nexus Venture,Closed,2951,0,8,0
IN0624,Startup_624,FoodTech,Kolkata,2010,Pre-Seed,2985000,SAIF Partners,Merged,1108,0,5,0
IN0625,Startup_625,FinTech,Pune,2013,Series B,3093000,Y Combinator,Acquired,2262,0,9,0
IN0626,Startup_626,TravelTech,Jaipur,2019,Series A,20771000,Tiger Global,Active,1135,5167000,4,0
IN0627,Startup_627,HRTech,Hyderabad,2013,Series C,3307000,Matrix Partners,Acquired,4663,0,4,0
IN0628,Startup_628,EdTech,Chennai,2022,Grant,6609000,Angel Network,Closed,4722,0,1,0
IN0629,Startup_629,HRTech,Pune,2010,Bootstrapped,205000,Government Grant,Active,2741,64000,13,0
IN0630,Startup_630,LogisticsTech,Kolkata,2023,Seed,13758000,Bootstrapped,Acquired,4936,0,1,0
IN0631,Startup_631,LogisticsTech,Bengaluru,2014,Pre-Seed,3398000,Kalaari Capital,Closed,4117,0,4,0
IN0632,Startup_632,HealthTech,Bengaluru,2020,Bootstrapped,6783000,Elevation Capital,Merged,4136,0,1,0
IN0633,Startup_633,E-Commerce,Kolkata,2014,Bootstrapped,3724000,Blume Ventures,Closed,4683,0,1,0
IN0634,Startup_634,TravelTech,Kolkata,2014,Seed,19609000,Angel Network,Closed,1070,0,3,0
IN0635,Startup_635,FoodTech,Jaipur,2013,Grant,2863000,SAIF Partners,Closed,4296,0,4,0
IN0636,Startup_636,E-Commerce,Mumbai,2014,Bootstrapped,10169000,Accel Partners,Closed,923,0,7,0
IN0637,Startup_637,LogisticsTech,Chennai,2015,Series B,35714000,Sequoia Capital India,Closed,2499,0,3,0
IN0638,Startup_638,AgriTech,Noida,2023,Grant,1767000,500 Startups,Closed,1914,0,1,0
IN0639,Startup_639,AgriTech,Delhi NCR,2022,Seed,2276000,Elevation Capital,Active,1211,1597000,1,0
IN0640,Startup_640,SaaS,Bengaluru,2015,Seed,33063000,Kalaari Capital,Closed,1714,0,4,0
IN0641,Startup_641,E-Commerce,Jaipur,2018,Series C,68685000,Tiger Global,Closed,152,0,4,0
IN0642,Startup_642,HRTech,Jaipur,2010,Series C,10012000,Government Grant,Closed,2224,0,1,0
IN0643,Startup_643,FoodTech,Bengaluru,2011,Bootstrapped,3320000,500 Startups,Closed,2952,0,2,0
IN0644,Startup_644,FinTech,Pune,2023,Bootstrapped,4599000,Angel Network,Closed,817,0,2,0
IN0645,Startup_645,FoodTech,Noida,2018,Seed,25107000,Blume Ventures,Closed,4595,0,1,0
IN0646,Startup_646,FinTech,Hyderabad,2018,Series C,47511000,Tiger Global,Closed,152,0,3,0
IN0647,Startup_647,AgriTech,Chennai,2020,Series C,39132000,SAIF Partners,Closed,2261,0,1,0
IN0648,Startup_648,SaaS,Kolkata,2023,Pre-Seed,6645000,SoftBank,Merged,1244,0,2,0
IN0649,Startup_649,LogisticsTech,Delhi NCR,2011,Bootstrapped,4074000,Y Combinator,Closed,1865,0,7,0
IN0650,Startup_650,E-Commerce,Noida,2012,Bootstrapped,10011000,Kalaari Capital,Merged,3681,0,9,0
IN0651,Startup_651,HealthTech,Hyderabad,2020,Series A,61659000,SoftBank,Closed,1133,0,2,0
IN0652,Startup_652,TravelTech,Delhi NCR,2016,Series A,25462000,Tiger Global,Closed,2602,0,1,0
IN0653,Startup_653,TravelTech,Jaipur,2021,Seed,37795000,Tiger Global,Closed,243,0,2,0
IN0654,Startup_654,LogisticsTech,Kolkata,2014,Grant,4934000,Bootstrapped,Closed,2244,0,3,0
IN0655,Startup_655,E-Commerce,Mumbai,2012,Series A,108461000,Elevation Capital,Active,2188,54686000,11,1
IN0656,Startup_656,HRTech,Hyderabad,2019,Series B,1010000,Accel Partners,Closed,3906,0,2,0
IN0657,Startup_657,TravelTech,Noida,2017,Series D+,17497000,Blume Ventures,Closed,1128,0,2,0
IN0658,Startup_658,E-Commerce,Hyderabad,2010,Bootstrapped,205000,Nexus Venture,Closed,3385,0,4,0
IN0659,Startup_659,E-Commerce,Hyderabad,2011,Series A,108425000,Y Combinator,Acquired,4015,0,12,0
IN0660,Startup_660,AgriTech,Ahmedabad,2013,Bootstrapped,177000,Angel Network,Closed,3118,0,6,0
IN0661,Startup_661,LogisticsTech,Noida,2021,Pre-Seed,2721000,Y Combinator,Closed,349,0,1,0
IN0662,Startup_662,TravelTech,Jaipur,2016,Pre-Seed,2327000,Bootstrapped,Closed,405,0,2,0
IN0663,Startup_663,SaaS,Ahmedabad,2016,Series C,20121000,Tiger Global,Closed,3462,0,3,0
IN0664,Startup_664,HRTech,Bengaluru,2021,Series A,22649000,Accel Partners,Closed,4103,0,1,0
IN0665,Startup_665,HealthTech,Noida,2021,Series A,29314000,Sequoia Capital India,Closed,1467,0,2,0
IN0666,Startup_666,HRTech,Hyderabad,2017,Seed,24241000,500 Startups,Closed,1345,0,6,0
IN0667,Startup_667,EdTech,Mumbai,2011,Grant,701000,Angel Network,Closed,3148,0,12,0
IN0668,Startup_668,TravelTech,Noida,2012,Bootstrapped,207000,Tiger Global,Closed,2747,0,10,0
IN0669,Startup_669,HealthTech,Delhi NCR,2023,Series A,64171000,Matrix Partners,Closed,2525,0,2,0
IN0670,Startup_670,FoodTech,Pune,2020,Series A,6709000,SoftBank,Closed,30,0,3,0
IN0671,Startup_671,SaaS,Bengaluru,2017,Grant,3811000,Sequoia Capital India,Acquired,4982,0,4,0
IN0672,Startup_672,E-Commerce,Hyderabad,2019,Grant,4883000,Elevation Capital,Closed,4918,0,1,0
IN0673,Startup_673,E-Commerce,Jaipur,2014,Series B,16649000,Bootstrapped,Active,2861,1291000,9,0
IN0674,Startup_674,FinTech,Noida,2023,Series C,10980000,Accel Partners,Closed,3417,0,1,0
IN0675,Startup_675,HealthTech,Pune,2019,Series A,67515000,Kalaari Capital,Merged,295,0,1,0
IN0676,Startup_676,SaaS,Chennai,2015,Bootstrapped,5313000,Y Combinator,Acquired,4511,0,2,0
IN0677,Startup_677,SaaS,Ahmedabad,2012,Seed,19318000,SAIF Partners,Closed,3391,0,9,0
IN0678,Startup_678,E-Commerce,Hyderabad,2019,Pre-Seed,8038000,Bootstrapped,Active,4335,6353000,4,0
IN0679,Startup_679,FoodTech,Noida,2022,Series C,42413000,Nexus Venture,Closed,4306,0,2,0
IN0680,Startup_680,HealthTech,Noida,2019,Grant,5698000,Blume Ventures,Closed,1475,0,2,0
IN0681,Startup_681,SaaS,Hyderabad,2010,Seed,43838000,Accel Partners,Active,1700,28480000,13,0
IN0682,Startup_682,LogisticsTech,Kolkata,2010,Series D+,48401000,SoftBank,Closed,94,0,11,0
IN0683,Startup_683,E-Commerce,Pune,2014,Seed,55933000,Kalaari Capital,Closed,52,0,2,0
IN0684,Startup_684,AgriTech,Chennai,2016,Pre-Seed,784000,Y Combinator,Acquired,2770,0,6,0
IN0685,Startup_685,FoodTech,Ahmedabad,2022,Pre-Seed,2415000,Bootstrapped,Closed,3775,0,2,0
IN0686,Startup_686,FoodTech,Kolkata,2021,Pre-Seed,1507000,Angel Network,Acquired,2586,0,1,0
IN0687,Startup_687,E-Commerce,Noida,2020,Series D+,97728000,Kalaari Capital,Acquired,544,0,1,0
IN0688,Startup_688,SaaS,Bengaluru,2015,Bootstrapped,5899000,Elevation Capital,Closed,4963,0,7,0
IN0689,Startup_689,HealthTech,Noida,2011,Series C,28511000,Sequoia Capital India,Closed,2226,0,7,0
IN0690,Startup_690,EdTech,Ahmedabad,2013,Series D+,76068000,SoftBank,Closed,4303,0,5,0
IN0691,Startup_691,HealthTech,Mumbai,2015,Pre-Seed,8223000,Blume Ventures,Closed,4147,0,1,0
IN0692,Startup_692,FoodTech,Jaipur,2012,Series B,24251000,Y Combinator,Closed,4291,0,5,0
IN0693,Startup_693,AgriTech,Delhi NCR,2022,Seed,37527000,Bootstrapped,Acquired,1089,0,1,0
IN0694,Startup_694,FinTech,Ahmedabad,2016,Seed,111914000,Bootstrapped,Active,4870,78777000,7,1
IN0695,Startup_695,AgriTech,Ahmedabad,2010,Seed,26393000,Nexus Venture,Closed,186,0,10,0
IN0696,Startup_696,SaaS,Hyderabad,2015,Series B,19474000,Kalaari Capital,Closed,3615,0,2,0
IN0697,Startup_697,SaaS,Delhi NCR,2012,Series C,67087000,SAIF Partners,Closed,4213,0,2,0
IN0698,Startup_698,E-Commerce,Jaipur,2015,Series D+,103783000,Government Grant,Closed,2322,0,4,0
IN0699,Startup_699,HealthTech,Mumbai,2014,Series D+,4850000,Sequoia Capital India,Closed,3858,0,1,0
IN0700,Startup_700,EdTech,Kolkata,2010,Seed,14483000,Elevation Capital,Closed,4857,0,11,0
IN0701,Startup_701,FoodTech,Noida,2015,Series C,10028000,Government Grant,Closed,4372,0,2,0
IN0702,Startup_702,FoodTech,Noida,2012,Seed,45996000,Blume Ventures,Acquired,798,0,8,0
IN0703,Startup_703,SaaS,Ahmedabad,2017,Series B,10189000,500 Startups,Merged,2115,0,3,0
IN0704,Startup_704,LogisticsTech,Delhi NCR,2021,Series D+,52968000,Blume Ventures,Closed,3995,0,1,0
IN0705,Startup_705,EdTech,Ahmedabad,2011,Series D+,67692000,Nexus Venture,Closed,2857,0,10,0
IN0706,Startup_706,HRTech,Delhi NCR,2018,Seed,25028000,Accel Partners,Closed,2671,0,5,0
IN0707,Startup_707,EdTech,Pune,2018,Grant,3319000,Elevation Capital,Closed,1998,0,5,0
IN0708,Startup_708,HealthTech,Ahmedabad,2016,Seed,73308000,Elevation Capital,Closed,3533,0,7,0
IN0709,Startup_709,LogisticsTech,Noida,2022,Series D+,14322000,Bootstrapped,Closed,640,0,2,0
IN0710,Startup_710,EdTech,Noida,2019,Grant,799000,Blume Ventures,Closed,1445,0,3,0
IN0711,Startup_711,LogisticsTech,Mumbai,2019,Seed,35865000,Y Combinator,Closed,3106,0,3,0
IN0712,Startup_712,FoodTech,Bengaluru,2011,Series B,44380000,500 Startups,Acquired,3,0,3,0
IN0713,Startup_713,HealthTech,Ahmedabad,2018,Series C,52140000,SoftBank,Closed,1686,0,3,0
IN0714,Startup_714,SaaS,Noida,2022,Series C,65577000,Angel Network,Acquired,2822,0,1,0
IN0715,Startup_715,HRTech,Bengaluru,2019,Bootstrapped,2985000,Sequoia Capital India,Acquired,3026,0,1,0
IN0716,Startup_716,FinTech,Jaipur,2023,Series D+,34224000,Sequoia Capital India,Active,1929,12792000,0,0
IN0717,Startup_717,HRTech,Kolkata,2020,Series D+,14271000,Matrix Partners,Closed,4467,0,1,0
IN0718,Startup_718,HealthTech,Ahmedabad,2012,Series B,75946000,Kalaari Capital,Closed,3419,0,3,0
IN0719,Startup_719,SaaS,Delhi NCR,2012,Pre-Seed,125000,Angel Network,Active,3989,68000,11,0
IN0720,Startup_720,HealthTech,Mumbai,2012,Bootstrapped,8045000,Angel Network,Acquired,4953,0,7,0
IN0721,Startup_721,HRTech,Delhi NCR,2017,Bootstrapped,1581000,Kalaari Capital,Closed,1851,0,2,0
IN0722,Startup_722,LogisticsTech,Noida,2010,Grant,1436000,SAIF Partners,Acquired,2207,0,7,0
IN0723,Startup_723,TravelTech,Noida,2015,Pre-Seed,2561000,Angel Network,Merged,3021,0,2,0
IN0724,Startup_724,HRTech,Ahmedabad,2021,Seed,25622000,Y Combinator,Closed,2291,0,2,0
IN0725,Startup_725,TravelTech,Mumbai,2018,Seed,28417000,Bootstrapped,Closed,641,0,5,0
IN0726,Startup_726,HRTech,Pune,2019,Pre-Seed,1877000,Sequoia Capital India,Acquired,3842,0,4,0
IN0727,Startup_727,TravelTech,Ahmedabad,2019,Series D+,43230000,Government Grant,Closed,2415,0,3,0
IN0728,Startup_728,HealthTech,Bengaluru,2021,Series C,50864000,Sequoia Capital India,Closed,3878,0,1,0
IN0729,Startup_729,HRTech,Bengaluru,2020,Series C,21889000,Nexus Venture,Acquired,3973,0,1,0
IN0730,Startup_730,HealthTech,Jaipur,2011,Series C,55537000,Nexus Venture,Closed,2106,0,1,0
IN0731,Startup_731,EdTech,Noida,2012,Series A,29707000,Tiger Global,Closed,2142,0,4,0
IN0732,Startup_732,FoodTech,Delhi NCR,2022,Pre-Seed,436000,Tiger Global,Closed,4880,0,1,0
IN0733,Startup_733,FoodTech,Kolkata,2022,Bootstrapped,2209000,Bootstrapped,Closed,1372,0,1,0
IN0734,Startup_734,HRTech,Chennai,2010,Series C,4148000,Tiger Global,Closed,3803,0,7,0
IN0735,Startup_735,FoodTech,Pune,2017,Series B,35325000,Blume Ventures,Closed,2153,0,2,0
IN0736,Startup_736,TravelTech,Kolkata,2010,Series C,20252000,Bootstrapped,Acquired,2588,0,9,0
IN0737,Startup_737,FinTech,Mumbai,2018,Series D+,52098000,500 Startups,Merged,2235,0,3,0
IN0738,Startup_738,SaaS,Pune,2022,Seed,40955000,Blume Ventures,Closed,1982,0,1,0
IN0739,Startup_739,TravelTech,Chennai,2020,Series A,575000,Sequoia Capital India,Closed,558,0,1,0
IN0740,Startup_740,LogisticsTech,Mumbai,2018,Seed,21221000,Angel Network,Closed,2322,0,3,0
IN0741,Startup_741,E-Commerce,Bengaluru,2010,Seed,65518000,500 Startups,Active,1778,49982000,13,0
IN0742,Startup_742,EdTech,Mumbai,2011,Series A,61156000,Bootstrapped,Closed,4639,0,3,0
IN0743,Startup_743,EdTech,Delhi NCR,2014,Series C,74907000,Bootstrapped,Closed,3716,0,5,0
IN0744,Startup_744,LogisticsTech,Chennai,2014,Series A,16782000,Sequoia Capital India,Closed,3137,0,7,0
IN0745,Startup_745,AgriTech,Bengaluru,2014,Series C,2869000,500 Startups,Closed,1645,0,7,0
IN0746,Startup_746,HealthTech,Ahmedabad,2011,Series A,38983000,Elevation Capital,Closed,872,0,8,0
IN0747,Startup_747,SaaS,Mumbai,2010,Seed,50969000,Government Grant,Active,3654,3266000,13,0
IN0748,Startup_748,FoodTech,Delhi NCR,2020,Pre-Seed,3328000,Nexus Venture,Acquired,1243,0,3,0
IN0749,Startup_749,AgriTech,Kolkata,2019,Pre-Seed,3760000,Blume Ventures,Closed,3918,0,4,0
IN0750,Startup_750,LogisticsTech,Mumbai,2018,Series B,57258000,Y Combinator,Active,3951,8068000,5,0
IN0751,Startup_751,TravelTech,Chennai,2015,Series C,28489000,Bootstrapped,Closed,744,0,6,0
IN0752,Startup_752,TravelTech,Chennai,2011,Grant,1312000,SoftBank,Closed,1448,0,9,0
IN0753,Startup_753,FinTech,Kolkata,2020,Series B,47118000,Accel Partners,Closed,2945,0,2,0
IN0754,Startup_754,EdTech,Ahmedabad,2021,Series B,15609000,Angel Network,Closed,4859,0,1,0
IN0755,Startup_755,FoodTech,Kolkata,2011,Series C,48253000,Government Grant,Closed,3682,0,1,0
IN0756,Startup_756,FinTech,Chennai,2010,Series D+,5616000,Accel Partners,Closed,1736,0,13,0
IN0757,Startup_757,TravelTech,Ahmedabad,2020,Series A,10561000,Accel Partners,Closed,304,0,3,0
IN0758,Startup_758,HealthTech,Ahmedabad,2020,Pre-Seed,8265000,Sequoia Capital India,Closed,1990,0,3,0
IN0759,Startup_759,HealthTech,Bengaluru,2012,Pre-Seed,7392000,Accel Partners,Acquired,3739,0,10,0
IN0760,Startup_760,HealthTech,Noida,2011,Seed,53669000,Elevation Capital,Closed,1808,0,2,0
IN0761,Startup_761,E-Commerce,Kolkata,2015,Bootstrapped,10735000,Elevation Capital,Closed,4473,0,3,0
IN0762,Startup_762,AgriTech,Hyderabad,2022,Pre-Seed,1349000,Accel Partners,Closed,2245,0,1,0
IN0763,Startup_763,LogisticsTech,Delhi NCR,2021,Series D+,26432000,500 Startups,Closed,4769,0,1,0
IN0764,Startup_764,HealthTech,Mumbai,2022,Bootstrapped,170000,Blume Ventures,Closed,663,0,1,0
IN0765,Startup_765,FinTech,Delhi NCR,2011,Series C,96986000,Government Grant,Closed,3901,0,12,0
IN0766,Startup_766,HealthTech,Hyderabad,2012,Series C,37259000,Tiger Global,Closed,310,0,10,0
IN0767,Startup_767,HealthTech,Ahmedabad,2019,Seed,70498000,Kalaari Capital,Closed,3432,0,1,0
IN0768,Startup_768,TravelTech,Hyderabad,2013,Seed,43958000,Elevation Capital,Merged,2966,0,9,0
IN0769,Startup_769,TravelTech,Hyderabad,2017,Series B,8798000,Government Grant,Closed,1224,0,6,0
IN0770,Startup_770,FoodTech,Ahmedabad,2012,Series A,2299000,Bootstrapped,Closed,2985,0,5,0
IN0771,Startup_771,E-Commerce,Kolkata,2014,Series D+,97953000,Blume Ventures,Closed,356,0,2,0
IN0772,Startup_772,FinTech,Jaipur,2012,Series A,58465000,Accel Partners,Closed,582,0,4,0
IN0773,Startup_773,FoodTech,Noida,2019,Series D+,37392000,500 Startups,Closed,2670,0,2,0
IN0774,Startup_774,EdTech,Chennai,2013,Seed,33125000,SoftBank,Closed,3078,0,4,0
IN0775,Startup_775,EdTech,Ahmedabad,2019,Grant,3498000,SoftBank,Active,4994,1369000,4,0
IN0776,Startup_776,LogisticsTech,Chennai,2012,Grant,3800000,Nexus Venture,Closed,1658,0,6,0
IN0777,Startup_777,HealthTech,Bengaluru,2021,Pre-Seed,1027000,Blume Ventures,Closed,3758,0,2,0
IN0778,Startup_778,HealthTech,Chennai,2013,Series C,71122000,Bootstrapped,Closed,1394,0,10,0
IN0779,Startup_779,TravelTech,Hyderabad,2011,Bootstrapped,2207000,SoftBank,Acquired,4848,0,8,0
IN0780,Startup_780,FoodTech,Pune,2010,Bootstrapped,1245000,Kalaari Capital,Closed,3559,0,10,0
IN0781,Startup_781,E-Commerce,Noida,2012,Pre-Seed,525000,Blume Ventures,Closed,4132,0,1,0
IN0782,Startup_782,LogisticsTech,Jaipur,2016,Grant,4186000,Accel Partners,Acquired,3708,0,4,0
IN0783,Startup_783,E-Commerce,Mumbai,2018,Pre-Seed,4496000,SoftBank,Closed,1089,0,3,0
IN0784,Startup_784,SaaS,Hyderabad,2020,Seed,46882000,Tiger Global,Active,3764,32510000,3,0
IN0785,Startup_785,HRTech,Bengaluru,2017,Grant,3061000,Matrix Partners,Closed,1517,0,3,0
IN0786,Startup_786,FoodTech,Bengaluru,2023,Seed,34584000,SAIF Partners,Closed,269,0,2,0
IN0787,Startup_787,LogisticsTech,Pune,2021,Series B,5041000,500 Startups,Closed,2752,0,1,0
IN0788,Startup_788,TravelTech,Chennai,2010,Seed,20994000,Sequoia Capital India,Closed,2996,0,6,0
IN0789,Startup_789,HealthTech,Jaipur,2021,Seed,69690000,Tiger Global,Closed,2745,0,1,0
IN0790,Startup_790,TravelTech,Mumbai,2020,Grant,3388000,Y Combinator,Closed,1720,0,3,0
IN0791,Startup_791,E-Commerce,Chennai,2015,Series C,46753000,Sequoia Capital India,Closed,521,0,6,0
IN0792,Startup_792,AgriTech,Ahmedabad,2017,Seed,21323000,Y Combinator,Closed,4367,0,3,0
IN0793,Startup_793,FoodTech,Noida,2015,Seed,44216000,Accel Partners,Closed,658,0,7,0
IN0794,Startup_794,HealthTech,Pune,2011,Seed,10349000,Tiger Global,Closed,4067,0,3,0
IN0795,Startup_795,E-Commerce,Jaipur,2020,Pre-Seed,10666000,SAIF Partners,Closed,1083,0,2,0
IN0796,Startup_796,AgriTech,Kolkata,2017,Pre-Seed,261000,Y Combinator,Closed,1905,0,5,0
IN0797,Startup_797,AgriTech,Kolkata,2019,Series D+,31494000,Blume Ventures,Closed,4862,0,4,0
IN0798,Startup_798,FoodTech,Pune,2019,Series A,15429000,Government Grant,Acquired,2131,0,2,0
IN0799,Startup_799,FoodTech,Chennai,2014,Pre-Seed,1433000,Tiger Global,Closed,1319,0,9,0
IN0800,Startup_800,SaaS,Delhi NCR,2012,Series A,8317000,Kalaari Capital,Closed,4708,0,3,0
IN0801,Startup_801,FoodTech,Pune,2015,Series A,35401000,Bootstrapped,Closed,2598,0,6,0
IN0802,Startup_802,HealthTech,Chennai,2017,Series A,11198000,Sequoia Capital India,Closed,3316,0,4,0
IN0803,Startup_803,HealthTech,Ahmedabad,2015,Series A,66543000,SAIF Partners,Active,2715,35629000,8,0
IN0804,Startup_804,SaaS,Ahmedabad,2014,Series A,51039000,500 Startups,Acquired,3623,0,6,0
IN0805,Startup_805,EdTech,Ahmedabad,2010,Series A,9527000,Sequoia Capital India,Closed,3292,0,10,0
IN0806,Startup_806,E-Commerce,Ahmedabad,2015,Seed,67053000,SoftBank,Closed,4781,0,4,0
IN0807,Startup_807,SaaS,Hyderabad,2010,Seed,31265000,Bootstrapped,Closed,717,0,9,0
IN0808,Startup_808,LogisticsTech,Hyderabad,2017,Series D+,30791000,Sequoia Capital India,Closed,2959,0,4,0
IN0809,Startup_809,HealthTech,Kolkata,2015,Bootstrapped,2583000,Kalaari Capital,Closed,2525,0,8,0
IN0810,Startup_810,TravelTech,Mumbai,2013,Grant,1876000,Blume Ventures,Closed,2366,0,3,0
IN0811,Startup_811,LogisticsTech,Kolkata,2012,Seed,18333000,Y Combinator,Closed,4305,0,6,0
IN0812,Startup_812,EdTech,Noida,2022,Bootstrapped,3288000,500 Startups,Active,2241,1187000,1,0
IN0813,Startup_813,TravelTech,Ahmedabad,2021,Series A,37470000,Nexus Venture,Closed,4539,0,2,0
IN0814,Startup_814,FinTech,Pune,2023,Series C,88913000,SoftBank,Closed,221,0,1,0
IN0815,Startup_815,HealthTech,Pune,2014,Grant,6003000,Nexus Venture,Closed,3419,0,3,0
IN0816,Startup_816,FoodTech,Hyderabad,2010,Seed,24729000,Accel Partners,Closed,4908,0,12,0
IN0817,Startup_817,AgriTech,Noida,2017,Bootstrapped,2516000,Blume Ventures,Acquired,981,0,3,0
IN0818,Startup_818,TravelTech,Noida,2010,Series C,2727000,Kalaari Capital,Closed,3778,0,12,0
IN0819,Startup_819,HealthTech,Chennai,2012,Pre-Seed,3793000,500 Startups,Closed,2918,0,1,0
IN0820,Startup_820,SaaS,Pune,2018,Seed,53686000,Tiger Global,Closed,776,0,5,0
IN0821,Startup_821,HealthTech,Jaipur,2015,Series D+,61742000,Nexus Venture,Acquired,2225,0,6,0
IN0822,Startup_822,EdTech,Jaipur,2019,Series D+,1229000,SAIF Partners,Acquired,2307,0,3,0
IN0823,Startup_823,FoodTech,Kolkata,2015,Series A,7855000,SoftBank,Active,1545,5077000,8,0
IN0824,Startup_824,TravelTech,Noida,2021,Seed,41230000,Accel Partners,Closed,1077,0,1,0
IN0825,Startup_825,FoodTech,Chennai,2014,Series D+,22181000,Elevation Capital,Closed,4287,0,6,0
IN0826,Startup_826,HealthTech,Pune,2010,Seed,77156000,Tiger Global,Closed,1858,0,5,0
IN0827,Startup_827,HealthTech,Hyderabad,2012,Seed,68743000,Accel Partners,Closed,638,0,1,0
IN0828,Startup_828,FoodTech,Kolkata,2010,Series B,39684000,SAIF Partners,Active,4861,3748000,13,0
IN0829,Startup_829,EdTech,Pune,2010,Seed,1020000,Accel Partners,Closed,1016,0,10,0
IN0830,Startup_830,E-Commerce,Noida,2013,Series A,3607000,Tiger Global,Closed,2274,0,10,0
IN0831,Startup_831,AgriTech,Chennai,2012,Series B,2827000,Y Combinator,Closed,4738,0,1,0
IN0832,Startup_832,TravelTech,Hyderabad,2021,Series B,7813000,Government Grant,Merged,4402,0,1,0
IN0833,Startup_833,EdTech,Hyderabad,2018,Grant,4723000,Blume Ventures,Closed,881,0,2,0
IN0834,Startup_834,AgriTech,Kolkata,2016,Series B,16362000,Government Grant,Closed,2576,0,1,0
IN0835,Startup_835,FoodTech,Mumbai,2018,Series A,18158000,Nexus Venture,Closed,4566,0,1,0
IN0836,Startup_836,EdTech,Chennai,2017,Seed,36664000,Angel Network,Closed,2557,0,6,0
IN0837,Startup_837,FoodTech,Hyderabad,2018,Bootstrapped,4279000,SoftBank,Closed,572,0,4,0
IN0838,Startup_838,AgriTech,Delhi NCR,2010,Grant,1592000,SAIF Partners,Closed,698,0,2,0
IN0839,Startup_839,HealthTech,Kolkata,2016,Seed,80351000,Tiger Global,Closed,532,0,3,0
IN0840,Startup_840,E-Commerce,Chennai,2013,Bootstrapped,9226000,Angel Network,Closed,4090,0,5,0
IN0841,Startup_841,HRTech,Noida,2014,Bootstrapped,2337000,Matrix Partners,Closed,3971,0,9,0
IN0842,Startup_842,SaaS,Delhi NCR,2022,Grant,1766000,Blume Ventures,Active,1892,921000,1,0
IN0843,Startup_843,HealthTech,Bengaluru,2011,Pre-Seed,4498000,Sequoia Capital India,Acquired,1469,0,7,0
IN0844,Startup_844,HRTech,Chennai,2012,Series C,3462000,Accel Partners,Closed,4261,0,8,0
IN0845,Startup_845,FoodTech,Hyderabad,2014,Grant,1319000,Kalaari Capital,Closed,4430,0,9,0
IN0846,Startup_846,FinTech,Bengaluru,2016,Seed,38090000,Matrix Partners,Closed,3627,0,4,0
IN0847,Startup_847,FinTech,Bengaluru,2012,Series C,20115000,Matrix Partners,Acquired,1103,0,5,0
IN0848,Startup_848,LogisticsTech,Ahmedabad,2022,Seed,29535000,SAIF Partners,Closed,4420,0,2,0
IN0849,Startup_849,FoodTech,Jaipur,2023,Series A,19661000,Blume Ventures,Closed,4843,0,2,0
IN0850,Startup_850,HRTech,Chennai,2022,Series C,1082000,Sequoia Capital India,Closed,1052,0,2,0
IN0851,Startup_851,AgriTech,Noida,2010,Series D+,17183000,Kalaari Capital,Closed,3376,0,6,0
IN0852,Startup_852,FinTech,Hyderabad,2013,Series B,71308000,500 Startups,Closed,538,0,5,0
IN0853,Startup_853,EdTech,Chennai,2012,Pre-Seed,318000,Bootstrapped,Closed,3462,0,10,0
IN0854,Startup_854,TravelTech,Kolkata,2014,Pre-Seed,2650000,Kalaari Capital,Closed,3096,0,7,0
IN0855,Startup_855,AgriTech,Noida,2011,Grant,2704000,Kalaari Capital,Active,4071,1155000,12,0
IN0856,Startup_856,AgriTech,Delhi NCR,2019,Series C,17496000,Blume Ventures,Closed,619,0,2,0
IN0857,Startup_857,SaaS,Pune,2010,Series C,28232000,SoftBank,Merged,755,0,12,0
IN0858,Startup_858,HRTech,Mumbai,2019,Series D+,19868000,SAIF Partners,Closed,3895,0,4,0
IN0859,Startup_859,E-Commerce,Chennai,2022,Seed,33482000,Government Grant,Closed,2458,0,2,0
IN0860,Startup_860,TravelTech,Chennai,2013,Bootstrapped,2816000,Blume Ventures,Closed,4487,0,3,0
IN0861,Startup_861,FinTech,Jaipur,2023,Series A,25948000,Y Combinator,Closed,3830,0,2,0
IN0862,Startup_862,TravelTech,Noida,2023,Bootstrapped,3272000,Sequoia Capital India,Acquired,4280,0,1,0
IN0863,Startup_863,AgriTech,Ahmedabad,2012,Series B,27444000,Nexus Venture,Closed,3568,0,7,0
IN0864,Startup_864,AgriTech,Mumbai,2020,Series B,10751000,Nexus Venture,Acquired,1317,0,2,0
IN0865,Startup_865,HRTech,Hyderabad,2016,Series B,6798000,SoftBank,Active,2545,2706000,7,0
IN0866,Startup_866,TravelTech,Kolkata,2016,Pre-Seed,1234000,Sequoia Capital India,Closed,2118,0,7,0
IN0867,Startup_867,SaaS,Jaipur,2012,Pre-Seed,3409000,Sequoia Capital India,Merged,455,0,2,0
IN0868,Startup_868,AgriTech,Noida,2014,Seed,16340000,Kalaari Capital,Acquired,741,0,7,0
IN0869,Startup_869,HealthTech,Hyderabad,2011,Seed,74660000,Government Grant,Closed,4304,0,5,0
IN0870,Startup_870,FoodTech,Mumbai,2013,Seed,15774000,Y Combinator,Closed,4788,0,7,0
IN0871,Startup_871,E-Commerce,Kolkata,2013,Series A,23866000,Nexus Venture,Active,3602,8503000,10,0
IN0872,Startup_872,HRTech,Bengaluru,2017,Series D+,4042000,SAIF Partners,Closed,3473,0,4,0
IN0873,Startup_873,E-Commerce,Pune,2022,Series A,78838000,Y Combinator,Closed,2526,0,1,0
IN0874,Startup_874,HRTech,Bengaluru,2023,Pre-Seed,2763000,SoftBank,Closed,2074,0,2,0
IN0875,Startup_875,SaaS,Chennai,2022,Seed,16661000,Blume Ventures,Closed,3184,0,1,0
IN0876,Startup_876,LogisticsTech,Pune,2014,Seed,45449000,Nexus Venture,Acquired,1725,0,3,0
IN0877,Startup_877,FoodTech,Chennai,2022,Bootstrapped,1381000,Accel Partners,Closed,4029,0,2,0
IN0878,Startup_878,LogisticsTech,Chennai,2021,Bootstrapped,4925000,Y Combinator,Acquired,1315,0,2,0
IN0879,Startup_879,TravelTech,Mumbai,2015,Bootstrapped,3662000,Angel Network,Closed,2678,0,8,0
IN0880,Startup_880,FinTech,Bengaluru,2020,Series A,95027000,Tiger Global,Closed,27,0,2,0
IN0881,Startup_881,E-Commerce,Pune,2015,Seed,27757000,Angel Network,Active,1067,19020000,8,0
IN0882,Startup_882,LogisticsTech,Chennai,2017,Grant,818000,Tiger Global,Acquired,4860,0,3,0
IN0883,Startup_883,SaaS,Hyderabad,2011,Bootstrapped,2764000,Matrix Partners,Closed,4674,0,4,0
IN0884,Startup_884,FinTech,Bengaluru,2018,Series B,116908000,SoftBank,Acquired,2146,0,2,0
IN0885,Startup_885,FinTech,Kolkata,2019,Bootstrapped,1834000,Kalaari Capital,Closed,1395,0,1,0
IN0886,Startup_886,FinTech,Jaipur,2016,Grant,5955000,SoftBank,Acquired,1666,0,2,0
IN0887,Startup_887,SaaS,Pune,2021,Grant,3028000,SoftBank,Closed,4917,0,1,0
IN0888,Startup_888,SaaS,Hyderabad,2016,Series A,10344000,Nexus Venture,Closed,2146,0,2,0
IN0889,Startup_889,HRTech,Ahmedabad,2013,Series D+,22689000,Accel Partners,Closed,86,0,8,0
IN0890,Startup_890,HealthTech,Chennai,2021,Bootstrapped,6429000,Angel Network,Closed,3469,0,2,0
IN0891,Startup_891,EdTech,Mumbai,2018,Pre-Seed,7450000,Blume Ventures,Active,2904,5942000,5,0
IN0892,Startup_892,HRTech,Bengaluru,2010,Series C,13395000,Matrix Partners,Closed,3040,0,3,0
IN0893,Startup_893,TravelTech,Bengaluru,2019,Series A,22718000,500 Startups,Closed,2780,0,4,0
IN0894,Startup_894,HealthTech,Mumbai,2015,Bootstrapped,1078000,Sequoia Capital India,Closed,1049,0,8,0
IN0895,Startup_895,SaaS,Chennai,2016,Series C,18536000,Y Combinator,Acquired,2162,0,5,0
IN0896,Startup_896,AgriTech,Kolkata,2012,Series D+,19702000,Tiger Global,Closed,4554,0,11,0
IN0897,Startup_897,FoodTech,Bengaluru,2013,Series A,9280000,Blume Ventures,Active,2133,1602000,10,0
IN0898,Startup_898,FoodTech,Kolkata,2011,Grant,1792000,Angel Network,Active,4596,742000,12,0
IN0899,Startup_899,FoodTech,Mumbai,2023,Series A,4815000,Y Combinator,Closed,2329,0,1,0
IN0900,Startup_900,HealthTech,Jaipur,2023,Series C,59783000,SoftBank,Closed,4782,0,1,0
IN0901,Startup_901,TravelTech,Noida,2012,Bootstrapped,1115000,Blume Ventures,Acquired,774,0,6,0
IN0902,Startup_902,FinTech,Pune,2020,Seed,71045000,Accel Partners,Closed,2652,0,1,0
IN0903,Startup_903,FinTech,Mumbai,2017,Grant,11465000,Elevation Capital,Closed,49,0,3,0
IN0904,Startup_904,FinTech,Noida,2017,Series D+,119979000,500 Startups,Merged,4664,0,2,0
IN0905,Startup_905,E-Commerce,Bengaluru,2022,Series C,6487000,Accel Partners,Closed,4484,0,2,0
IN0906,Startup_906,EdTech,Kolkata,2014,Series A,61716000,Matrix Partners,Closed,732,0,1,0
IN0907,Startup_907,E-Commerce,Delhi NCR,2016,Bootstrapped,8288000,Bootstrapped,Closed,1264,0,1,0
IN0908,Startup_908,SaaS,Ahmedabad,2022,Bootstrapped,6453000,500 Startups,Closed,4945,0,1,0
IN0909,Startup_909,AgriTech,Mumbai,2023,Series D+,19636000,500 Startups,Closed,3181,0,2,0
IN0910,Startup_910,SaaS,Noida,2019,Bootstrapped,2966000,Kalaari Capital,Active,1528,1114000,4,0
IN0911,Startup_911,LogisticsTech,Mumbai,2010,Series D+,40651000,Bootstrapped,Merged,1272,0,8,0
IN0912,Startup_912,TravelTech,Jaipur,2011,Series C,3655000,Government Grant,Closed,3914,0,5,0
IN0913,Startup_913,HealthTech,Delhi NCR,2020,Series C,47221000,Nexus Venture,Acquired,4659,0,1,0
IN0914,Startup_914,TravelTech,Mumbai,2010,Seed,18645000,Blume Ventures,Closed,4658,0,5,0
IN0915,Startup_915,AgriTech,Pune,2019,Seed,749000,Angel Network,Closed,3793,0,2,0
IN0916,Startup_916,HealthTech,Kolkata,2010,Seed,63483000,Kalaari Capital,Closed,4812,0,12,0
IN0917,Startup_917,FoodTech,Ahmedabad,2019,Series C,45918000,Government Grant,Closed,1535,0,2,0
IN0918,Startup_918,HealthTech,Mumbai,2021,Series C,9838000,SAIF Partners,Acquired,148,0,1,0
IN0919,Startup_919,LogisticsTech,Mumbai,2010,Series A,27718000,Matrix Partners,Closed,4932,0,12,0
IN0920,Startup_920,FoodTech,Pune,2019,Series D+,48163000,Bootstrapped,Closed,3237,0,3,0
IN0921,Startup_921,EdTech,Delhi NCR,2012,Pre-Seed,6531000,Angel Network,Closed,1543,0,1,0
IN0922,Startup_922,E-Commerce,Ahmedabad,2020,Series A,48162000,Bootstrapped,Closed,4414,0,1,0
IN0923,Startup_923,EdTech,Pune,2022,Grant,3387000,Accel Partners,Closed,1362,0,1,0
IN0924,Startup_924,FoodTech,Ahmedabad,2017,Pre-Seed,2932000,SoftBank,Acquired,2417,0,5,0
IN0925,Startup_925,LogisticsTech,Bengaluru,2015,Pre-Seed,5089000,Matrix Partners,Active,3407,3493000,8,0
IN0926,Startup_926,HRTech,Noida,2021,Series C,14049000,SAIF Partners,Active,4843,8338000,2,0
IN0927,Startup_927,FoodTech,Hyderabad,2021,Pre-Seed,2119000,Kalaari Capital,Closed,4534,0,1,0
IN0928,Startup_928,SaaS,Kolkata,2017,Seed,65737000,Kalaari Capital,Closed,3674,0,6,0
IN0929,Startup_929,LogisticsTech,Bengaluru,2012,Series C,28261000,Blume Ventures,Closed,1903,0,9,0
IN0930,Startup_930,E-Commerce,Noida,2020,Series D+,93939000,Angel Network,Acquired,3839,0,1,0
IN0931,Startup_931,SaaS,Kolkata,2016,Series D+,56013000,Y Combinator,Closed,1329,0,5,0
IN0932,Startup_932,E-Commerce,Pune,2021,Seed,14549000,SoftBank,Closed,1282,0,2,0
IN0933,Startup_933,EdTech,Kolkata,2017,Series C,44635000,Sequoia Capital India,Closed,2941,0,3,0
IN0934,Startup_934,AgriTech,Delhi NCR,2012,Pre-Seed,1358000,Accel Partners,Acquired,1859,0,2,0
IN0935,Startup_935,TravelTech,Hyderabad,2017,Series C,35341000,Government Grant,Merged,384,0,5,0
IN0936,Startup_936,SaaS,Delhi NCR,2023,Seed,64875000,Blume Ventures,Closed,3746,0,1,0
IN0937,Startup_937,EdTech,Noida,2019,Seed,3549000,Accel Partners,Acquired,1370,0,1,0
IN0938,Startup_938,E-Commerce,Chennai,2012,Series C,83911000,Blume Ventures,Closed,815,0,3,0
IN0939,Startup_939,AgriTech,Chennai,2023,Series A,8155000,Matrix Partners,Closed,55,0,1,0
IN0940,Startup_940,FoodTech,Chennai,2014,Series A,18716000,Government Grant,Active,3401,5998000,9,0
IN0941,Startup_941,E-Commerce,Delhi NCR,2022,Bootstrapped,1552000,Matrix Partners,Closed,3388,0,2,0
IN0942,Startup_942,FoodTech,Jaipur,2022,Series D+,22213000,Government Grant,Merged,83,0,1,0
IN0943,Startup_943,EdTech,Chennai,2015,Bootstrapped,1331000,Sequoia Capital India,Merged,3223,0,1,0
IN0944,Startup_944,HealthTech,Noida,2010,Series C,79755000,Angel Network,Closed,4537,0,5,0
IN0945,Startup_945,AgriTech,Chennai,2010,Series C,24455000,Tiger Global,Acquired,3311,0,8,0
IN0946,Startup_946,E-Commerce,Jaipur,2019,Grant,9769000,Government Grant,Closed,3315,0,2,0
IN0947,Startup_947,SaaS,Mumbai,2010,Series D+,50364000,500 Startups,Closed,1034,0,9,0
IN0948,Startup_948,TravelTech,Pune,2013,Seed,14120000,Kalaari Capital,Closed,1312,0,1,0
IN0949,Startup_949,FinTech,Jaipur,2019,Series C,93012000,Angel Network,Closed,3465,0,1,0
IN0950,Startup_950,FinTech,Chennai,2014,Series D+,90909000,Accel Partners,Closed,3678,0,5,0
IN0951,Startup_951,HRTech,Bengaluru,2017,Series D+,28208000,Elevation Capital,Merged,4635,0,6,0
IN0952,Startup_952,TravelTech,Noida,2013,Series D+,30045000,Y Combinator,Closed,4694,0,3,0
IN0953,Startup_953,LogisticsTech,Jaipur,2021,Series B,31084000,SoftBank,Active,2961,12146000,2,0
IN0954,Startup_954,HealthTech,Kolkata,2023,Bootstrapped,588000,500 Startups,Active,1067,239000,0,0
IN0955,Startup_955,FoodTech,Mumbai,2015,Bootstrapped,2602000,Matrix Partners,Closed,2162,0,8,0
IN0956,Startup_956,LogisticsTech,Ahmedabad,2021,Grant,2513000,Tiger Global,Closed,1184,0,1,0
IN0957,Startup_957,FoodTech,Ahmedabad,2012,Seed,22853000,Sequoia Capital India,Closed,1286,0,9,0
IN0958,Startup_958,AgriTech,Mumbai,2019,Bootstrapped,1485000,Nexus Venture,Active,331,656000,4,0
IN0959,Startup_959,EdTech,Chennai,2014,Series D+,38977000,Government Grant,Closed,1172,0,3,0
IN0960,Startup_960,HRTech,Kolkata,2010,Series C,7624000,Y Combinator,Acquired,4006,0,1,0
IN0961,Startup_961,EdTech,Jaipur,2015,Seed,33522000,Elevation Capital,Acquired,2539,0,8,0
IN0962,Startup_962,AgriTech,Kolkata,2017,Series A,20240000,Blume Ventures,Closed,3687,0,6,0
IN0963,Startup_963,FoodTech,Delhi NCR,2023,Series D+,31295000,Elevation Capital,Active,3357,10654000,0,0
IN0964,Startup_964,LogisticsTech,Chennai,2018,Pre-Seed,5342000,Angel Network,Merged,2274,0,1,0
IN0965,Startup_965,HealthTech,Bengaluru,2019,Series C,11403000,SAIF Partners,Closed,699,0,2,0
IN0966,Startup_966,HRTech,Jaipur,2019,Pre-Seed,1831000,Government Grant,Merged,3900,0,1,0
IN0967,Startup_967,EdTech,Jaipur,2012,Pre-Seed,1662000,Y Combinator,Closed,4749,0,8,0
IN0968,Startup_968,EdTech,Jaipur,2019,Series D+,3790000,Y Combinator,Closed,192,0,3,0
IN0969,Startup_969,LogisticsTech,Delhi NCR,2016,Pre-Seed,1918000,Nexus Venture,Acquired,747,0,1,0
IN0970,Startup_970,EdTech,Jaipur,2012,Series C,20593000,Accel Partners,Closed,1265,0,5,0
IN0971,Startup_971,LogisticsTech,Delhi NCR,2010,Series D+,42855000,Nexus Venture,Closed,3196,0,2,0
IN0972,Startup_972,AgriTech,Delhi NCR,2016,Series D+,37669000,500 Startups,Closed,992,0,1,0
IN0973,Startup_973,E-Commerce,Hyderabad,2022,Series B,82862000,Matrix Partners,Closed,944,0,2,0
IN0974,Startup_974,FinTech,Chennai,2017,Bootstrapped,395000,Bootstrapped,Active,1916,290000,6,0
IN0975,Startup_975,FinTech,Pune,2018,Seed,66788000,Government Grant,Closed,1030,0,3,0
IN0976,Startup_976,HRTech,Kolkata,2017,Seed,17565000,Government Grant,Acquired,1168,0,3,0
IN0977,Startup_977,TravelTech,Delhi NCR,2022,Series B,19126000,500 Startups,Closed,4549,0,2,0
IN0978,Startup_978,FinTech,Bengaluru,2023,Grant,7468000,Bootstrapped,Merged,1373,0,1,0
IN0979,Startup_979,FinTech,Ahmedabad,2014,Series C,45928000,Kalaari Capital,Acquired,1744,0,9,0
IN0980,Startup_980,SaaS,Bengaluru,2012,Seed,27762000,Accel Partners,Closed,1146,0,9,0
IN0981,Startup_981,SaaS,Kolkata,2013,Series D+,66187000,Bootstrapped,Acquired,2143,0,8,0
IN0982,Startup_982,SaaS,Hyderabad,2020,Series D+,32267000,Elevation Capital,Closed,2692,0,1,0
IN0983,Startup_983,HealthTech,Bengaluru,2019,Grant,116000,Tiger Global,Active,3386,54000,4,0
IN0984,Startup_984,FoodTech,Kolkata,2018,Seed,32507000,Accel Partners,Closed,4414,0,1,0
IN0985,Startup_985,FoodTech,Mumbai,2015,Bootstrapped,1800000,Tiger Global,Acquired,71,0,2,0
IN0986,Startup_986,FoodTech,Chennai,2013,Grant,3720000,Government Grant,Active,2305,2085000,10,0
IN0987,Startup_987,AgriTech,Hyderabad,2011,Series C,8924000,Blume Ventures,Acquired,2975,0,1,0
IN0988,Startup_988,SaaS,Ahmedabad,2021,Series B,68901000,Bootstrapped,Active,3246,9178000,2,0
IN0989,Startup_989,SaaS,Noida,2018,Grant,1368000,Angel Network,Closed,4636,0,5,0
IN0990,Startup_990,HRTech,Delhi NCR,2011,Series A,4547000,500 Startups,Closed,4670,0,4,0
IN0991,Startup_991,TravelTech,Pune,2013,Pre-Seed,3122000,SAIF Partners,Merged,2073,0,9,0
IN0992,Startup_992,FoodTech,Bengaluru,2016,Pre-Seed,1625000,Y Combinator,Acquired,3335,0,3,0
IN0993,Startup_993,EdTech,Jaipur,2017,Grant,6077000,500 Startups,Closed,1841,0,1,0
IN0994,Startup_994,SaaS,Kolkata,2018,Grant,2752000,Kalaari Capital,Closed,672,0,5,0
IN0995,Startup_995,FinTech,Hyderabad,2021,Bootstrapped,11008000,SoftBank,Merged,1349,0,2,0
IN0996,Startup_996,SaaS,Mumbai,2020,Seed,30322000,Sequoia Capital India,Active,4856,19646000,3,0
IN0997,Startup_997,AgriTech,Pune,2013,Seed,38356000,Y Combinator,Closed,447,0,6,0
IN0998,Startup_998,TravelTech,Hyderabad,2011,Grant,2818000,Elevation Capital,Closed,1024,0,2,0
IN0999,Startup_999,FinTech,Bengaluru,2016,Series D+,83357000,Government Grant,Acquired,1046,0,1,0
IN1000,Startup_1000,FoodTech,Bengaluru,2014,Bootstrapped,3393000,SAIF Partners,Active,429,920000,9,0
IN1001,Startup_1001,LogisticsTech,Kolkata,2011,Bootstrapped,3606000,Bootstrapped,Closed,88,0,8,0
IN1002,Startup_1002,LogisticsTech,Ahmedabad,2022,Bootstrapped,3723000,Kalaari Capital,Acquired,214,0,2,0
IN1003,Startup_1003,TravelTech,Chennai,2019,Series B,652000,Angel Network,Active,555,323000,4,0
IN1004,Startup_1004,E-Commerce,Noida,2012,Series C,53161000,Elevation Capital,Closed,3644,0,3,0
IN1005,Startup_1005,E-Commerce,Delhi NCR,2022,Pre-Seed,3456000,Matrix Partners,Active,4205,2660000,1,0
IN1006,Startup_1006,AgriTech,Pune,2019,Series A,12416000,Kalaari Capital,Closed,2386,0,3,0
IN1007,Startup_1007,FinTech,Jaipur,2019,Series A,61099000,Y Combinator,Active,4585,42404000,4,0
IN1008,Startup_1008,LogisticsTech,Chennai,2013,Series B,12235000,Accel Partners,Closed,2799,0,4,0
IN1009,Startup_1009,FoodTech,Ahmedabad,2019,Series D+,28370000,Kalaari Capital,Acquired,2456,0,4,0
IN1010,Startup_1010,AgriTech,Delhi NCR,2011,Grant,3643000,Blume Ventures,Acquired,1799,0,1,0
IN1011,Startup_1011,E-Commerce,Hyderabad,2017,Series B,80911000,Y Combinator,Closed,2717,0,6,0
IN1012,Startup_1012,LogisticsTech,Hyderabad,2016,Series A,602000,Sequoia Capital India,Acquired,606,0,3,0
IN1013,Startup_1013,FinTech,Jaipur,2011,Series A,23731000,Elevation Capital,Closed,2950,0,1,0
IN1014,Startup_1014,FinTech,Hyderabad,2013,Series C,106303000,Angel Network,Closed,1429,0,6,0
IN1015,Startup_1015,TravelTech,Hyderabad,2012,Series B,37945000,500 Startups,Active,830,2495000,11,0
IN1016,Startup_1016,HealthTech,Kolkata,2020,Seed,19158000,Blume Ventures,Closed,1969,0,2,0
IN1017,Startup_1017,AgriTech,Delhi NCR,2018,Bootstrapped,271000,Tiger Global,Acquired,1073,0,2,0
IN1018,Startup_1018,E-Commerce,Jaipur,2016,Series D+,47478000,Bootstrapped,Closed,2005,0,1,0
IN1019,Startup_1019,HRTech,Noida,2013,Series C,11536000,Sequoia Capital India,Closed,2296,0,3,0
IN1020,Startup_1020,TravelTech,Noida,2017,Series B,35331000,Government Grant,Closed,533,0,2,0
IN1021,Startup_1021,TravelTech,Kolkata,2022,Series D+,20946000,Kalaari Capital,Closed,3064,0,2,0
IN1022,Startup_1022,FoodTech,Ahmedabad,2014,Bootstrapped,3956000,Bootstrapped,Closed,301,0,4,0
IN1023,Startup_1023,E-Commerce,Hyderabad,2017,Series B,33937000,500 Startups,Closed,3091,0,5,0
IN1024,Startup_1024,HealthTech,Chennai,2014,Seed,7837000,Blume Ventures,Closed,4252,0,6,0
IN1025,Startup_1025,E-Commerce,Noida,2010,Grant,3727000,Blume Ventures,Closed,3832,0,7,0
IN1026,Startup_1026,LogisticsTech,Chennai,2022,Grant,2307000,Tiger Global,Closed,3620,0,1,0
IN1027,Startup_1027,SaaS,Mumbai,2015,Seed,35198000,SAIF Partners,Closed,642,0,5,0
IN1028,Startup_1028,E-Commerce,Mumbai,2011,Seed,60244000,Kalaari Capital,Closed,1612,0,11,0
IN1029,Startup_1029,AgriTech,Pune,2014,Series C,24201000,Tiger Global,Closed,4451,0,5,0
IN1030,Startup_1030,FinTech,Pune,2014,Series D+,48755000,Matrix Partners,Closed,4752,0,1,0
IN1031,Startup_1031,FoodTech,Jaipur,2022,Series A,11495000,Angel Network,Acquired,1721,0,2,0
IN1032,Startup_1032,E-Commerce,Jaipur,2019,Grant,5097000,Government Grant,Closed,705,0,3,0
IN1033,Startup_1033,E-Commerce,Kolkata,2022,Bootstrapped,4972000,SAIF Partners,Closed,248,0,2,0
IN1034,Startup_1034,HealthTech,Noida,2023,Series A,66481000,Blume Ventures,Closed,2907,0,2,0
IN1035,Startup_1035,E-Commerce,Kolkata,2016,Bootstrapped,7608000,Nexus Venture,Closed,2673,0,5,0
IN1036,Startup_1036,FinTech,Noida,2022,Pre-Seed,1887000,Kalaari Capital,Acquired,4656,0,2,0
IN1037,Startup_1037,LogisticsTech,Hyderabad,2016,Seed,11463000,Accel Partners,Closed,2695,0,5,0
IN1038,Startup_1038,FoodTech,Pune,2011,Series A,27712000,Sequoia Capital India,Active,4944,11541000,12,0
IN1039,Startup_1039,HealthTech,Hyderabad,2011,Bootstrapped,2120000,Bootstrapped,Closed,4297,0,2,0
IN1040,Startup_1040,FoodTech,Bengaluru,2015,Pre-Seed,4301000,Matrix Partners,Closed,3205,0,3,0
IN1041,Startup_1041,EdTech,Delhi NCR,2018,Bootstrapped,569000,500 Startups,Closed,1693,0,2,0
IN1042,Startup_1042,E-Commerce,Pune,2016,Grant,6343000,Nexus Venture,Closed,4814,0,2,0
IN1043,Startup_1043,TravelTech,Ahmedabad,2014,Series B,6507000,Accel Partners,Active,3272,3277000,9,0
IN1044,Startup_1044,E-Commerce,Jaipur,2015,Grant,6354000,Angel Network,Closed,748,0,5,0
IN1045,Startup_1045,FoodTech,Chennai,2021,Series C,41198000,Y Combinator,Closed,1436,0,2,0
IN1046,Startup_1046,E-Commerce,Delhi NCR,2019,Bootstrapped,10023000,Tiger Global,Closed,4660,0,1,0
IN1047,Startup_1047,LogisticsTech,Bengaluru,2013,Series A,37759000,Nexus Venture,Closed,548,0,4,0
IN1048,Startup_1048,FoodTech,Kolkata,2022,Seed,3965000,Accel Partners,Merged,4134,0,2,0
IN1049,Startup_1049,LogisticsTech,Ahmedabad,2012,Series C,2869000,Sequoia Capital India,Closed,601,0,11,0
IN1050,Startup_1050,FoodTech,Kolkata,2015,Bootstrapped,1992000,Sequoia Capital India,Acquired,2054,0,2,0
IN1051,Startup_1051,HealthTech,Chennai,2020,Grant,642000,SAIF Partners,Closed,1986,0,3,0
IN1052,Startup_1052,FoodTech,Delhi NCR,2017,Series C,8654000,Sequoia Capital India,Acquired,4974,0,1,0
IN1053,Startup_1053,HealthTech,Pune,2011,Bootstrapped,6052000,Sequoia Capital India,Closed,2240,0,3,0
IN1054,Startup_1054,FoodTech,Chennai,2012,Series B,44650000,SAIF Partners,Closed,1772,0,8,0
IN1055,Startup_1055,FinTech,Jaipur,2020,Seed,37345000,Sequoia Capital India,Closed,4902,0,1,0
IN1056,Startup_1056,FinTech,Kolkata,2022,Series B,45270000,SoftBank,Acquired,1640,0,1,0
IN1057,Startup_1057,FinTech,Kolkata,2010,Pre-Seed,2346000,Bootstrapped,Closed,519,0,4,0
IN1058,Startup_1058,EdTech,Delhi NCR,2021,Series A,41098000,Y Combinator,Active,2681,12001000,2,0
IN1059,Startup_1059,E-Commerce,Noida,2013,Bootstrapped,1364000,SoftBank,Merged,869,0,6,0
IN1060,Startup_1060,AgriTech,Delhi NCR,2010,Bootstrapped,58000,SoftBank,Closed,3760,0,4,0
IN1061,Startup_1061,EdTech,Pune,2020,Series D+,70860000,Matrix Partners,Active,2472,44334000,3,0
IN1062,Startup_1062,FoodTech,Mumbai,2021,Series A,4873000,Kalaari Capital,Closed,3185,0,1,0
IN1063,Startup_1063,AgriTech,Delhi NCR,2020,Series D+,26688000,Accel Partners,Merged,2747,0,1,0
IN1064,Startup_1064,HRTech,Noida,2017,Bootstrapped,2599000,SAIF Partners,Closed,4814,0,6,0
IN1065,Startup_1065,FinTech,Hyderabad,2010,Seed,88681000,Government Grant,Closed,1997,0,10,0
IN1066,Startup_1066,EdTech,Bengaluru,2012,Series D+,16321000,Matrix Partners,Closed,1676,0,11,0
IN1067,Startup_1067,FinTech,Hyderabad,2021,Grant,3978000,Nexus Venture,Closed,2603,0,1,0
IN1068,Startup_1068,TravelTech,Kolkata,2020,Series C,10383000,Angel Network,Closed,2715,0,2,0
IN1069,Startup_1069,E-Commerce,Hyderabad,2018,Pre-Seed,7328000,SoftBank,Acquired,1824,0,5,0
IN1070,Startup_1070,LogisticsTech,Jaipur,2015,Series A,561000,Y Combinator,Closed,4029,0,2,0
IN1071,Startup_1071,E-Commerce,Bengaluru,2020,Series A,14161000,Tiger Global,Merged,4856,0,3,0
IN1072,Startup_1072,E-Commerce,Hyderabad,2018,Seed,51591000,Tiger Global,Closed,1620,0,2,0
IN1073,Startup_1073,LogisticsTech,Delhi NCR,2019,Series B,34670000,Bootstrapped,Closed,1651,0,3,0
IN1074,Startup_1074,FoodTech,Mumbai,2015,Bootstrapped,2362000,Matrix Partners,Closed,4141,0,7,0
IN1075,Startup_1075,HealthTech,Ahmedabad,2010,Bootstrapped,777000,500 Startups,Closed,2461,0,10,0
IN1076,Startup_1076,TravelTech,Delhi NCR,2018,Series A,20918000,Blume Ventures,Closed,2322,0,4,0
IN1077,Startup_1077,TravelTech,Noida,2017,Seed,32197000,SoftBank,Closed,1269,0,2,0
IN1078,Startup_1078,FinTech,Bengaluru,2023,Series D+,111120000,Matrix Partners,Closed,3058,0,2,0
IN1079,Startup_1079,FoodTech,Pune,2020,Seed,2086000,500 Startups,Closed,1021,0,2,0
IN1080,Startup_1080,HRTech,Delhi NCR,2013,Bootstrapped,2702000,Government Grant,Merged,2857,0,9,0
IN1081,Startup_1081,FoodTech,Chennai,2021,Pre-Seed,4634000,Angel Network,Closed,2023,0,1,0
IN1082,Startup_1082,FoodTech,Bengaluru,2023,Series D+,33870000,Angel Network,Closed,1213,0,2,0
IN1083,Startup_1083,HRTech,Ahmedabad,2020,Series A,21115000,Bootstrapped,Closed,1324,0,1,0
IN1084,Startup_1084,EdTech,Mumbai,2020,Bootstrapped,4698000,500 Startups,Closed,660,0,3,0
IN1085,Startup_1085,E-Commerce,Kolkata,2012,Bootstrapped,3352000,SAIF Partners,Closed,3137,0,10,0
IN1086,Startup_1086,SaaS,Kolkata,2022,Seed,40147000,Government Grant,Active,2823,26524000,1,0
IN1087,Startup_1087,SaaS,Hyderabad,2021,Bootstrapped,60000,Tiger Global,Closed,4030,0,1,0
IN1088,Startup_1088,EdTech,Mumbai,2022,Bootstrapped,5243000,Angel Network,Closed,3532,0,1,0
IN1089,Startup_1089,HealthTech,Chennai,2012,Series A,16624000,Accel Partners,Closed,3693,0,10,0
IN1090,Startup_1090,E-Commerce,Delhi NCR,2013,Pre-Seed,8909000,SoftBank,Closed,2126,0,7,0
IN1091,Startup_1091,FoodTech,Noida,2011,Series A,4422000,Accel Partners,Active,2269,434000,12,0
IN1092,Startup_1092,FinTech,Noida,2013,Grant,9138000,Sequoia Capital India,Closed,502,0,5,0
IN1093,Startup_1093,FinTech,Noida,2022,Pre-Seed,6292000,Sequoia Capital India,Active,3079,3160000,1,0
IN1094,Startup_1094,SaaS,Ahmedabad,2017,Series D+,23658000,Bootstrapped,Closed,2812,0,3,0
IN1095,Startup_1095,E-Commerce,Chennai,2020,Bootstrapped,667000,Kalaari Capital,Closed,2707,0,1,0
IN1096,Startup_1096,FinTech,Ahmedabad,2023,Bootstrapped,10661000,Tiger Global,Closed,212,0,1,0
IN1097,Startup_1097,TravelTech,Pune,2021,Series B,27864000,Bootstrapped,Closed,3894,0,2,0
IN1098,Startup_1098,E-Commerce,Bengaluru,2020,Series D+,39879000,Sequoia Capital India,Active,2668,22270000,3,0
IN1099,Startup_1099,E-Commerce,Noida,2017,Bootstrapped,8742000,Kalaari Capital,Closed,3507,0,4,0
IN1100,Startup_1100,EdTech,Kolkata,2014,Series B,69615000,500 Startups,Closed,4686,0,9,0
IN1101,Startup_1101,FinTech,Delhi NCR,2017,Seed,80931000,SAIF Partners,Closed,3826,0,2,0
IN1102,Startup_1102,FoodTech,Mumbai,2017,Series B,8646000,Bootstrapped,Closed,734,0,1,0
IN1103,Startup_1103,LogisticsTech,Bengaluru,2012,Series D+,46025000,SoftBank,Acquired,2112,0,11,0
IN1104,Startup_1104,FoodTech,Mumbai,2020,Series A,31732000,Blume Ventures,Acquired,742,0,3,0
IN1105,Startup_1105,AgriTech,Hyderabad,2019,Seed,15143000,Angel Network,Closed,3128,0,4,0
IN1106,Startup_1106,E-Commerce,Hyderabad,2014,Seed,12608000,Kalaari Capital,Closed,4853,0,4,0
IN1107,Startup_1107,EdTech,Noida,2015,Series A,76335000,Elevation Capital,Acquired,15,0,5,0
IN1108,Startup_1108,FinTech,Noida,2018,Series B,117592000,Kalaari Capital,Acquired,2992,0,2,0
IN1109,Startup_1109,TravelTech,Noida,2019,Series B,513000,Y Combinator,Active,3775,147000,4,0
IN1110,Startup_1110,SaaS,Hyderabad,2017,Grant,1994000,Angel Network,Closed,283,0,5,0
IN1111,Startup_1111,AgriTech,Pune,2018,Seed,33922000,Elevation Capital,Closed,3920,0,2,0
IN1112,Startup_1112,FoodTech,Pune,2021,Bootstrapped,4054000,Tiger Global,Active,1727,2781000,2,0
IN1113,Startup_1113,E-Commerce,Bengaluru,2023,Series A,80123000,Nexus Venture,Acquired,1306,0,1,0
IN1114,Startup_1114,TravelTech,Kolkata,2015,Bootstrapped,4456000,Government Grant,Closed,3208,0,7,0
IN1115,Startup_1115,EdTech,Jaipur,2021,Series C,73860000,Angel Network,Closed,4491,0,2,0
IN1116,Startup_1116,EdTech,Delhi NCR,2015,Pre-Seed,5682000,Blume Ventures,Acquired,1342,0,3,0
IN1117,Startup_1117,FoodTech,Ahmedabad,2014,Series A,40247000,SoftBank,Closed,76,0,6,0
IN1118,Startup_1118,HRTech,Mumbai,2020,Series A,34396000,Bootstrapped,Closed,1380,0,1,0
IN1119,Startup_1119,EdTech,Chennai,2017,Series A,9564000,SAIF Partners,Merged,2774,0,5,0
IN1120,Startup_1120,LogisticsTech,Delhi NCR,2020,Bootstrapped,730000,Matrix Partners,Closed,4004,0,2,0
IN1121,Startup_1121,HRTech,Delhi NCR,2020,Bootstrapped,3469000,Bootstrapped,Closed,736,0,2,0
IN1122,Startup_1122,LogisticsTech,Pune,2020,Grant,738000,Accel Partners,Closed,1001,0,2,0
IN1123,Startup_1123,TravelTech,Hyderabad,2010,Grant,3357000,Government Grant,Closed,4858,0,3,0
IN1124,Startup_1124,LogisticsTech,Ahmedabad,2020,Bootstrapped,769000,Kalaari Capital,Closed,522,0,3,0
IN1125,Startup_1125,TravelTech,Delhi NCR,2016,Pre-Seed,3680000,Government Grant,Closed,4344,0,4,0
IN1126,Startup_1126,EdTech,Jaipur,2023,Seed,16756000,Bootstrapped,Closed,963,0,1,0
IN1127,Startup_1127,HRTech,Delhi NCR,2010,Grant,439000,Tiger Global,Acquired,4713,0,4,0
IN1128,Startup_1128,HealthTech,Mumbai,2018,Series C,3440000,Accel Partners,Acquired,4148,0,3,0
IN1129,Startup_1129,AgriTech,Jaipur,2012,Bootstrapped,2636000,SoftBank,Merged,2464,0,1,0
IN1130,Startup_1130,TravelTech,Pune,2020,Grant,2212000,Kalaari Capital,Closed,4283,0,2,0
IN1131,Startup_1131,HRTech,Jaipur,2018,Series B,23225000,Sequoia Capital India,Closed,1944,0,1,0
IN1132,Startup_1132,E-Commerce,Delhi NCR,2014,Series B,66395000,SoftBank,Merged,4849,0,6,0
IN1133,Startup_1133,SaaS,Delhi NCR,2021,Bootstrapped,1796000,Matrix Partners,Active,1339,629000,2,0
IN1134,Startup_1134,EdTech,Pune,2020,Bootstrapped,1163000,SoftBank,Merged,580,0,3,0
IN1135,Startup_1135,SaaS,Hyderabad,2021,Series D+,45397000,SAIF Partners,Closed,4957,0,1,0
IN1136,Startup_1136,LogisticsTech,Delhi NCR,2015,Bootstrapped,5785000,SoftBank,Closed,637,0,5,0
IN1137,Startup_1137,EdTech,Jaipur,2011,Bootstrapped,5129000,Kalaari Capital,Active,2734,3249000,12,0
IN1138,Startup_1138,HealthTech,Hyderabad,2014,Pre-Seed,8816000,SoftBank,Active,3103,6734000,9,0
IN1139,Startup_1139,EdTech,Delhi NCR,2018,Series C,64582000,Accel Partners,Closed,4335,0,3,0
IN1140,Startup_1140,HRTech,Pune,2018,Series C,31390000,Tiger Global,Closed,2607,0,4,0
IN1141,Startup_1141,HealthTech,Chennai,2022,Bootstrapped,1174000,Sequoia Capital India,Closed,4209,0,1,0
IN1142,Startup_1142,HealthTech,Delhi NCR,2016,Series C,65370000,Kalaari Capital,Active,2042,36520000,7,0
IN1143,Startup_1143,LogisticsTech,Ahmedabad,2012,Grant,4795000,SAIF Partners,Merged,2351,0,5,0
IN1144,Startup_1144,LogisticsTech,Jaipur,2021,Series B,51504000,Nexus Venture,Closed,3332,0,2,0
IN1145,Startup_1145,EdTech,Mumbai,2011,Series B,13376000,Sequoia Capital India,Merged,694,0,12,0
IN1146,Startup_1146,SaaS,Jaipur,2017,Pre-Seed,2976000,SAIF Partners,Merged,1119,0,4,0
IN1147,Startup_1147,FoodTech,Jaipur,2020,Seed,30872000,500 Startups,Closed,61,0,3,0
IN1148,Startup_1148,LogisticsTech,Jaipur,2021,Series D+,44391000,500 Startups,Closed,4328,0,1,0
IN1149,Startup_1149,HRTech,Ahmedabad,2012,Series B,12910000,Tiger Global,Closed,4210,0,6,0
IN1150,Startup_1150,FinTech,Kolkata,2017,Bootstrapped,11638000,Kalaari Capital,Closed,2048,0,5,0
IN1151,Startup_1151,EdTech,Pune,2014,Grant,1720000,Angel Network,Closed,4661,0,7,0
IN1152,Startup_1152,E-Commerce,Pune,2020,Pre-Seed,9822000,Y Combinator,Acquired,4001,0,1,0
IN1153,Startup_1153,AgriTech,Bengaluru,2019,Grant,1422000,Sequoia Capital India,Closed,2866,0,2,0
IN1154,Startup_1154,LogisticsTech,Chennai,2010,Seed,12013000,SAIF Partners,Closed,4215,0,3,0
IN1155,Startup_1155,LogisticsTech,Mumbai,2017,Pre-Seed,3947000,SoftBank,Closed,3857,0,4,0
IN1156,Startup_1156,AgriTech,Pune,2015,Bootstrapped,2150000,Nexus Venture,Acquired,892,0,8,0
IN1157,Startup_1157,FoodTech,Delhi NCR,2012,Series D+,440000,500 Startups,Closed,1627,0,2,0
IN1158,Startup_1158,E-Commerce,Pune,2010,Series A,81934000,500 Startups,Closed,260,0,3,0
IN1159,Startup_1159,E-Commerce,Ahmedabad,2020,Series C,54002000,Blume Ventures,Closed,1045,0,2,0
IN1160,Startup_1160,LogisticsTech,Jaipur,2021,Bootstrapped,5747000,Government Grant,Closed,175,0,1,0
IN1161,Startup_1161,HealthTech,Chennai,2018,Pre-Seed,2151000,Bootstrapped,Closed,2804,0,4,0
IN1162,Startup_1162,HRTech,Bengaluru,2016,Grant,1706000,Government Grant,Closed,3515,0,2,0
IN1163,Startup_1163,HRTech,Delhi NCR,2021,Series A,26859000,Y Combinator,Closed,2160,0,1,0
IN1164,Startup_1164,LogisticsTech,Hyderabad,2017,Seed,30240000,Tiger Global,Closed,1547,0,5,0
IN1165,Startup_1165,HealthTech,Hyderabad,2011,Series A,24865000,SoftBank,Closed,1199,0,7,0
IN1166,Startup_1166,FinTech,Noida,2013,Seed,45952000,SAIF Partners,Acquired,2512,0,4,0
IN1167,Startup_1167,E-Commerce,Chennai,2016,Grant,4721000,Sequoia Capital India,Active,2494,626000,7,0
IN1168,Startup_1168,AgriTech,Pune,2015,Bootstrapped,3582000,Tiger Global,Closed,336,0,1,0
IN1169,Startup_1169,FinTech,Chennai,2013,Series C,109064000,Accel Partners,Closed,3531,0,3,0
IN1170,Startup_1170,SaaS,Ahmedabad,2015,Series D+,6918000,Sequoia Capital India,Closed,4522,0,3,0
IN1171,Startup_1171,AgriTech,Chennai,2021,Series D+,23598000,Elevation Capital,Closed,3046,0,1,0
IN1172,Startup_1172,SaaS,Hyderabad,2019,Bootstrapped,758000,Bootstrapped,Active,4932,106000,4,0
IN1173,Startup_1173,HRTech,Hyderabad,2013,Grant,271000,SAIF Partners,Acquired,2811,0,5,0
IN1174,Startup_1174,FoodTech,Hyderabad,2018,Series A,9707000,SAIF Partners,Active,2070,6976000,5,0
IN1175,Startup_1175,TravelTech,Chennai,2015,Grant,537000,Matrix Partners,Closed,556,0,8,0
IN1176,Startup_1176,LogisticsTech,Jaipur,2018,Pre-Seed,1659000,Tiger Global,Closed,2374,0,1,0
IN1177,Startup_1177,HRTech,Bengaluru,2022,Series B,13973000,Bootstrapped,Closed,4363,0,1,0
IN1178,Startup_1178,HealthTech,Ahmedabad,2022,Bootstrapped,3530000,Elevation Capital,Closed,2226,0,1,0
IN1179,Startup_1179,HealthTech,Bengaluru,2012,Series B,1095000,500 Startups,Closed,4202,0,8,0
IN1180,Startup_1180,TravelTech,Jaipur,2014,Series C,13407000,Nexus Venture,Acquired,4525,0,2,0
IN1181,Startup_1181,HealthTech,Hyderabad,2010,Series B,57673000,500 Startups,Closed,2277,0,3,0
IN1182,Startup_1182,SaaS,Bengaluru,2020,Series B,14817000,Accel Partners,Merged,13,0,3,0
IN1183,Startup_1183,AgriTech,Noida,2015,Series D+,28248000,SAIF Partners,Active,2165,16710000,8,0
IN1184,Startup_1184,LogisticsTech,Noida,2014,Series D+,37632000,Sequoia Capital India,Merged,2914,0,4,0
IN1185,Startup_1185,SaaS,Delhi NCR,2014,Pre-Seed,6852000,Government Grant,Closed,4780,0,2,0
IN1186,Startup_1186,LogisticsTech,Pune,2023,Series B,13394000,Nexus Venture,Acquired,1672,0,2,0
IN1187,Startup_1187,HealthTech,Ahmedabad,2013,Bootstrapped,8122000,Accel Partners,Closed,4064,0,3,0
IN1188,Startup_1188,FoodTech,Delhi NCR,2023,Series A,24602000,Angel Network,Closed,1479,0,2,0
IN1189,Startup_1189,FinTech,Pune,2012,Series A,82640000,SoftBank,Acquired,570,0,3,0
IN1190,Startup_1190,EdTech,Kolkata,2013,Grant,7764000,Accel Partners,Acquired,4317,0,3,0
IN1191,Startup_1191,FinTech,Noida,2011,Bootstrapped,1365000,Sequoia Capital India,Closed,360,0,3,0
IN1192,Startup_1192,E-Commerce,Mumbai,2014,Series A,66120000,Government Grant,Merged,78,0,2,0
IN1193,Startup_1193,TravelTech,Chennai,2023,Seed,21671000,Elevation Capital,Closed,3641,0,1,0
IN1194,Startup_1194,SaaS,Chennai,2017,Series A,38115000,Nexus Venture,Closed,4455,0,1,0
IN1195,Startup_1195,FinTech,Bengaluru,2011,Series C,106432000,Matrix Partners,Active,1163,5418000,12,1
IN1196,Startup_1196,E-Commerce,Bengaluru,2013,Bootstrapped,3912000,Nexus Venture,Closed,1852,0,7,0
IN1197,Startup_1197,EdTech,Ahmedabad,2012,Seed,76526000,Nexus Venture,Closed,2929,0,2,0
IN1198,Startup_1198,HRTech,Chennai,2011,Series D+,32204000,500 Startups,Acquired,357,0,10,0
IN1199,Startup_1199,HealthTech,Delhi NCR,2016,Series D+,61245000,Tiger Global,Closed,2472,0,5,0
IN1200,Startup_1200,SaaS,Chennai,2011,Series C,46372000,500 Startups,Acquired,2176,0,12,0
IN1201,Startup_1201,EdTech,Bengaluru,2023,Series A,11898000,Tiger Global,Closed,3201,0,2,0
IN1202,Startup_1202,FoodTech,Mumbai,2011,Bootstrapped,1403000,Accel Partners,Merged,2648,0,3,0
IN1203,Startup_1203,HealthTech,Kolkata,2015,Series D+,43472000,Matrix Partners,Closed,4931,0,6,0
IN1204,Startup_1204,HealthTech,Hyderabad,2016,Bootstrapped,4863000,Blume Ventures,Closed,4364,0,5,0
IN1205,Startup_1205,E-Commerce,Kolkata,2011,Bootstrapped,8552000,Government Grant,Closed,1798,0,12,0
IN1206,Startup_1206,EdTech,Hyderabad,2015,Pre-Seed,6808000,Kalaari Capital,Closed,4576,0,8,0
IN1207,Startup_1207,HealthTech,Mumbai,2010,Series D+,76485000,Government Grant,Closed,1143,0,5,0
IN1208,Startup_1208,FoodTech,Delhi NCR,2023,Bootstrapped,4142000,Sequoia Capital India,Closed,1130,0,1,0
IN1209,Startup_1209,HealthTech,Kolkata,2021,Pre-Seed,3840000,Sequoia Capital India,Closed,870,0,1,0
IN1210,Startup_1210,FoodTech,Noida,2023,Series A,18357000,Accel Partners,Active,2009,1979000,0,0
IN1211,Startup_1211,HRTech,Kolkata,2012,Series A,4990000,SAIF Partners,Closed,2455,0,8,0
IN1212,Startup_1212,LogisticsTech,Chennai,2017,Pre-Seed,952000,500 Startups,Closed,265,0,5,0
IN1213,Startup_1213,HealthTech,Jaipur,2012,Pre-Seed,3830000,500 Startups,Closed,3723,0,9,0
IN1214,Startup_1214,SaaS,Noida,2018,Series C,29743000,Tiger Global,Closed,2228,0,1,0
IN1215,Startup_1215,TravelTech,Kolkata,2012,Series B,2614000,Matrix Partners,Closed,1506,0,9,0
IN1216,Startup_1216,HRTech,Mumbai,2023,Grant,2288000,Matrix Partners,Closed,3118,0,1,0
IN1217,Startup_1217,FinTech,Chennai,2020,Bootstrapped,1345000,Accel Partners,Closed,2973,0,3,0
IN1218,Startup_1218,AgriTech,Bengaluru,2013,Series C,4348000,SoftBank,Closed,4893,0,1,0
IN1219,Startup_1219,SaaS,Hyderabad,2018,Series B,2411000,Nexus Venture,Closed,698,0,5,0
IN1220,Startup_1220,HRTech,Bengaluru,2019,Grant,1108000,Nexus Venture,Active,71,870000,4,0
IN1221,Startup_1221,SaaS,Kolkata,2018,Series B,27436000,Kalaari Capital,Closed,1063,0,1,0
IN1222,Startup_1222,AgriTech,Kolkata,2021,Seed,31025000,Sequoia Capital India,Closed,4812,0,2,0
IN1223,Startup_1223,FoodTech,Noida,2023,Pre-Seed,770000,Blume Ventures,Closed,647,0,1,0
IN1224,Startup_1224,E-Commerce,Hyderabad,2022,Series A,18051000,SAIF Partners,Closed,4231,0,2,0
IN1225,Startup_1225,FoodTech,Delhi NCR,2015,Series C,42819000,Matrix Partners,Closed,329,0,7,0
IN1226,Startup_1226,E-Commerce,Hyderabad,2019,Seed,62532000,Blume Ventures,Merged,799,0,1,0
IN1227,Startup_1227,HealthTech,Pune,2018,Seed,41096000,Tiger Global,Closed,2423,0,2,0
IN1228,Startup_1228,EdTech,Pune,2019,Series D+,5876000,Angel Network,Closed,3776,0,3,0
IN1229,Startup_1229,FoodTech,Pune,2022,Grant,715000,Accel Partners,Closed,4661,0,2,0
IN1230,Startup_1230,FinTech,Chennai,2023,Series C,102912000,500 Startups,Closed,1058,0,2,0
IN1231,Startup_1231,AgriTech,Jaipur,2023,Series D+,27320000,SAIF Partners,Closed,3689,0,2,0
IN1232,Startup_1232,FinTech,Noida,2020,Pre-Seed,2976000,Y Combinator,Closed,4596,0,1,0
IN1233,Startup_1233,HealthTech,Mumbai,2014,Bootstrapped,3612000,Accel Partners,Closed,1829,0,7,0
IN1234,Startup_1234,FoodTech,Mumbai,2015,Grant,2683000,Y Combinator,Closed,3810,0,2,0
IN1235,Startup_1235,EdTech,Delhi NCR,2021,Seed,73815000,Government Grant,Acquired,3550,0,1,0
IN1236,Startup_1236,LogisticsTech,Chennai,2011,Series D+,36341000,SoftBank,Closed,3903,0,2,0
IN1237,Startup_1237,SaaS,Ahmedabad,2010,Series A,10314000,SoftBank,Merged,2624,0,10,0
IN1238,Startup_1238,FinTech,Noida,2022,Bootstrapped,9712000,Government Grant,Active,3525,7613000,1,0
IN1239,Startup_1239,E-Commerce,Bengaluru,2013,Pre-Seed,7533000,Nexus Venture,Merged,2066,0,3,0
IN1240,Startup_1240,EdTech,Delhi NCR,2011,Series C,24007000,Angel Network,Closed,3700,0,7,0
IN1241,Startup_1241,TravelTech,Hyderabad,2020,Series C,2513000,500 Startups,Closed,3512,0,2,0
IN1242,Startup_1242,SaaS,Delhi NCR,2013,Series D+,33792000,SAIF Partners,Merged,1318,0,7,0
IN1243,Startup_1243,AgriTech,Noida,2016,Pre-Seed,3576000,SoftBank,Closed,639,0,6,0
IN1244,Startup_1244,HRTech,Noida,2012,Series D+,28840000,Angel Network,Closed,2594,0,1,0
IN1245,Startup_1245,HealthTech,Ahmedabad,2012,Grant,1049000,Bootstrapped,Acquired,3331,0,5,0
IN1246,Startup_1246,TravelTech,Bengaluru,2017,Series A,28787000,Elevation Capital,Closed,800,0,1,0
IN1247,Startup_1247,E-Commerce,Hyderabad,2016,Series A,24089000,SoftBank,Closed,1567,0,6,0
IN1248,Startup_1248,HRTech,Bengaluru,2015,Series D+,31393000,SAIF Partners,Active,1023,18035000,8,0
IN1249,Startup_1249,FoodTech,Kolkata,2016,Series D+,27192000,SAIF Partners,Closed,2753,0,1,0
IN1250,Startup_1250,HealthTech,Ahmedabad,2016,Series D+,53662000,SAIF Partners,Closed,3572,0,4,0
IN1251,Startup_1251,SaaS,Kolkata,2020,Series C,65662000,500 Startups,Closed,814,0,1,0
IN1252,Startup_1252,EdTech,Mumbai,2020,Pre-Seed,3302000,Blume Ventures,Closed,4464,0,1,0
IN1253,Startup_1253,FoodTech,Jaipur,2019,Pre-Seed,4261000,SoftBank,Closed,1827,0,4,0
IN1254,Startup_1254,TravelTech,Kolkata,2011,Series B,42780000,Kalaari Capital,Acquired,3802,0,7,0
IN1255,Startup_1255,LogisticsTech,Bengaluru,2015,Series B,16203000,Bootstrapped,Closed,2168,0,5,0
IN1256,Startup_1256,LogisticsTech,Hyderabad,2010,Bootstrapped,177000,Government Grant,Active,3069,120000,13,0
IN1257,Startup_1257,TravelTech,Noida,2015,Series D+,25791000,Matrix Partners,Closed,1983,0,7,0
IN1258,Startup_1258,E-Commerce,Noida,2020,Bootstrapped,8823000,Elevation Capital,Acquired,3517,0,1,0
IN1259,Startup_1259,LogisticsTech,Delhi NCR,2016,Series D+,26357000,Accel Partners,Closed,1036,0,5,0
IN1260,Startup_1260,EdTech,Noida,2022,Bootstrapped,5026000,Nexus Venture,Acquired,4531,0,1,0
IN1261,Startup_1261,AgriTech,Hyderabad,2011,Seed,560000,Government Grant,Active,4862,92000,12,0
IN1262,Startup_1262,HRTech,Jaipur,2011,Bootstrapped,2572000,Blume Ventures,Active,2935,488000,12,0
IN1263,Startup_1263,E-Commerce,Pune,2013,Series B,88858000,Matrix Partners,Closed,2135,0,1,0
IN1264,Startup_1264,SaaS,Mumbai,2012,Pre-Seed,4062000,Accel Partners,Closed,910,0,8,0
IN1265,Startup_1265,HRTech,Mumbai,2011,Series A,31322000,Accel Partners,Closed,635,0,8,0
IN1266,Startup_1266,AgriTech,Hyderabad,2016,Seed,976000,Accel Partners,Closed,3987,0,6,0
IN1267,Startup_1267,EdTech,Hyderabad,2020,Bootstrapped,2522000,500 Startups,Closed,3695,0,1,0
IN1268,Startup_1268,HealthTech,Pune,2010,Series A,56920000,Y Combinator,Closed,259,0,2,0
IN1269,Startup_1269,AgriTech,Chennai,2017,Pre-Seed,2969000,500 Startups,Closed,998,0,2,0
IN1270,Startup_1270,HRTech,Bengaluru,2018,Pre-Seed,2666000,SoftBank,Closed,2991,0,1,0
IN1271,Startup_1271,E-Commerce,Bengaluru,2015,Series A,80161000,Tiger Global,Closed,2194,0,5,0
IN1272,Startup_1272,FoodTech,Hyderabad,2011,Series D+,32648000,Blume Ventures,Closed,4063,0,7,0
IN1273,Startup_1273,TravelTech,Kolkata,2013,Series C,30949000,500 Startups,Closed,2304,0,7,0
IN1274,Startup_1274,EdTech,Noida,2022,Series C,16625000,Angel Network,Closed,3998,0,2,0
IN1275,Startup_1275,FoodTech,Kolkata,2019,Series C,31202000,Elevation Capital,Acquired,3139,0,4,0
IN1276,Startup_1276,E-Commerce,Noida,2015,Series D+,90200000,Blume Ventures,Acquired,1372,0,1,0
IN1277,Startup_1277,TravelTech,Pune,2019,Bootstrapped,3722000,Bootstrapped,Closed,4347,0,3,0
IN1278,Startup_1278,LogisticsTech,Bengaluru,2011,Series A,25877000,Tiger Global,Acquired,2932,0,4,0
IN1279,Startup_1279,EdTech,Hyderabad,2020,Series D+,62405000,Accel Partners,Closed,80,0,2,0
IN1280,Startup_1280,FinTech,Chennai,2013,Grant,3893000,SoftBank,Closed,4602,0,2,0
IN1281,Startup_1281,LogisticsTech,Pune,2019,Series B,6355000,Nexus Venture,Closed,4981,0,1,0
IN1282,Startup_1282,HRTech,Kolkata,2020,Bootstrapped,1127000,SoftBank,Closed,408,0,2,0
IN1283,Startup_1283,FoodTech,Bengaluru,2014,Bootstrapped,2272000,Elevation Capital,Closed,2679,0,7,0
IN1284,Startup_1284,E-Commerce,Noida,2010,Series C,86250000,Elevation Capital,Active,40,63284000,13,1
IN1285,Startup_1285,SaaS,Delhi NCR,2023,Bootstrapped,3741000,SAIF Partners,Active,322,1134000,0,0
IN1286,Startup_1286,FinTech,Mumbai,2017,Seed,50102000,Nexus Venture,Acquired,2252,0,3,0
IN1287,Startup_1287,AgriTech,Kolkata,2011,Series D+,1978000,Nexus Venture,Closed,3725,0,8,0
IN1288,Startup_1288,EdTech,Chennai,2019,Seed,4017000,Sequoia Capital India,Active,1138,518000,4,0
IN1289,Startup_1289,AgriTech,Kolkata,2013,Series A,28992000,Government Grant,Active,3023,19196000,10,0
IN1290,Startup_1290,TravelTech,Bengaluru,2021,Pre-Seed,3534000,Accel Partners,Closed,395,0,2,0
IN1291,Startup_1291,EdTech,Pune,2015,Bootstrapped,1379000,Tiger Global,Closed,4781,0,8,0
IN1292,Startup_1292,EdTech,Delhi NCR,2015,Series A,71046000,500 Startups,Closed,3387,0,8,0
IN1293,Startup_1293,EdTech,Jaipur,2018,Series B,52969000,Nexus Venture,Closed,2639,0,4,0
IN1294,Startup_1294,E-Commerce,Mumbai,2014,Series C,39090000,Y Combinator,Closed,1987,0,4,0
IN1295,Startup_1295,EdTech,Mumbai,2017,Pre-Seed,5371000,Blume Ventures,Closed,3156,0,2,0
IN1296,Startup_1296,FoodTech,Mumbai,2015,Series B,38116000,SAIF Partners,Acquired,2569,0,5,0
IN1297,Startup_1297,FoodTech,Delhi NCR,2023,Seed,11056000,Kalaari Capital,Acquired,3160,0,2,0
IN1298,Startup_1298,HRTech,Jaipur,2013,Bootstrapped,980000,Tiger Global,Closed,2518,0,10,0
IN1299,Startup_1299,EdTech,Delhi NCR,2017,Seed,19397000,500 Startups,Closed,3777,0,2,0
IN1300,Startup_1300,SaaS,Bengaluru,2017,Grant,842000,SAIF Partners,Closed,690,0,3,0
IN1301,Startup_1301,LogisticsTech,Hyderabad,2012,Bootstrapped,3057000,Sequoia Capital India,Closed,3617,0,5,0
IN1302,Startup_1302,AgriTech,Mumbai,2010,Bootstrapped,1696000,Nexus Venture,Closed,1553,0,7,0
IN1303,Startup_1303,HealthTech,Noida,2014,Grant,1009000,Sequoia Capital India,Closed,2041,0,2,0
IN1304,Startup_1304,E-Commerce,Mumbai,2010,Pre-Seed,2657000,SAIF Partners,Closed,829,0,5,0
IN1305,Startup_1305,E-Commerce,Noida,2021,Bootstrapped,1150000,Angel Network,Closed,2199,0,2,0
IN1306,Startup_1306,E-Commerce,Delhi NCR,2022,Series B,31964000,Elevation Capital,Closed,2361,0,1,0
IN1307,Startup_1307,EdTech,Delhi NCR,2018,Grant,6824000,Angel Network,Closed,1956,0,2,0
IN1308,Startup_1308,AgriTech,Mumbai,2012,Series A,18263000,Sequoia Capital India,Closed,3889,0,7,0
IN1309,Startup_1309,AgriTech,Bengaluru,2012,Series C,6912000,Government Grant,Acquired,81,0,10,0
IN1310,Startup_1310,AgriTech,Ahmedabad,2019,Pre-Seed,998000,Accel Partners,Closed,372,0,1,0
IN1311,Startup_1311,HRTech,Pune,2023,Series B,5939000,Tiger Global,Closed,771,0,1,0
IN1312,Startup_1312,SaaS,Chennai,2017,Grant,6929000,Nexus Venture,Closed,3987,0,3,0
IN1313,Startup_1313,AgriTech,Ahmedabad,2010,Series D+,13416000,SAIF Partners,Closed,4882,0,8,0
IN1314,Startup_1314,EdTech,Pune,2020,Pre-Seed,3294000,SoftBank,Closed,1162,0,2,0
IN1315,Startup_1315,FoodTech,Bengaluru,2013,Bootstrapped,3726000,SoftBank,Closed,3096,0,2,0
IN1316,Startup_1316,SaaS,Jaipur,2017,Series A,47583000,500 Startups,Closed,2715,0,4,0
IN1317,Startup_1317,HRTech,Kolkata,2014,Series C,20325000,Angel Network,Closed,2814,0,2,0
IN1318,Startup_1318,LogisticsTech,Ahmedabad,2019,Series D+,58174000,Blume Ventures,Closed,1207,0,4,0
IN1319,Startup_1319,HealthTech,Jaipur,2014,Series A,26157000,Government Grant,Closed,2416,0,1,0
IN1320,Startup_1320,FoodTech,Bengaluru,2013,Series C,6303000,Blume Ventures,Acquired,2507,0,1,0
IN1321,Startup_1321,LogisticsTech,Chennai,2020,Pre-Seed,844000,500 Startups,Active,2322,539000,3,0
IN1322,Startup_1322,TravelTech,Jaipur,2012,Seed,6505000,Angel Network,Closed,1613,0,7,0
IN1323,Startup_1323,HRTech,Mumbai,2014,Series B,32659000,SoftBank,Active,3166,11983000,9,0
IN1324,Startup_1324,EdTech,Pune,2014,Series C,34978000,500 Startups,Closed,2643,0,3,0
IN1325,Startup_1325,E-Commerce,Pune,2012,Bootstrapped,3340000,Accel Partners,Closed,2437,0,10,0
IN1326,Startup_1326,FoodTech,Jaipur,2012,Bootstrapped,4172000,Accel Partners,Closed,1137,0,9,0
IN1327,Startup_1327,FoodTech,Chennai,2018,Series D+,21469000,Matrix Partners,Closed,3362,0,4,0
IN1328,Startup_1328,FinTech,Jaipur,2010,Bootstrapped,1730000,500 Startups,Active,2479,1107000,13,0
IN1329,Startup_1329,HRTech,Jaipur,2015,Series A,31507000,500 Startups,Closed,2405,0,1,0
IN1330,Startup_1330,LogisticsTech,Delhi NCR,2016,Pre-Seed,4583000,SAIF Partners,Closed,3772,0,7,0
IN1331,Startup_1331,FinTech,Mumbai,2010,Series C,78161000,Kalaari Capital,Acquired,4870,0,2,0
IN1332,Startup_1332,SaaS,Noida,2017,Series D+,8633000,Elevation Capital,Acquired,4186,0,6,0
IN1333,Startup_1333,FinTech,Hyderabad,2018,Series A,116090000,Tiger Global,Closed,1833,0,2,0
IN1334,Startup_1334,SaaS,Pune,2021,Pre-Seed,4371000,SoftBank,Acquired,941,0,1,0
IN1335,Startup_1335,FinTech,Delhi NCR,2019,Seed,30041000,Accel Partners,Closed,3882,0,1,0
IN1336,Startup_1336,TravelTech,Ahmedabad,2016,Pre-Seed,1357000,Blume Ventures,Acquired,1509,0,7,0
IN1337,Startup_1337,E-Commerce,Jaipur,2014,Grant,6804000,Matrix Partners,Acquired,1200,0,1,0
IN1338,Startup_1338,HealthTech,Delhi NCR,2023,Series B,66827000,SAIF Partners,Closed,1643,0,2,0
IN1339,Startup_1339,FoodTech,Pune,2014,Seed,24724000,Bootstrapped,Merged,2256,0,7,0
IN1340,Startup_1340,LogisticsTech,Mumbai,2017,Bootstrapped,906000,Nexus Venture,Acquired,3746,0,1,0
IN1341,Startup_1341,HRTech,Kolkata,2010,Series C,22800000,Bootstrapped,Active,3643,1869000,13,0
IN1342,Startup_1342,AgriTech,Delhi NCR,2017,Grant,3927000,Kalaari Capital,Closed,4103,0,5,0
IN1343,Startup_1343,E-Commerce,Chennai,2021,Bootstrapped,1952000,Tiger Global,Closed,2884,0,2,0
IN1344,Startup_1344,FoodTech,Delhi NCR,2014,Series C,3550000,Y Combinator,Acquired,3964,0,7,0
IN1345,Startup_1345,FoodTech,Noida,2020,Series A,46382000,Government Grant,Closed,4306,0,2,0
IN1346,Startup_1346,HealthTech,Chennai,2019,Series D+,74741000,Accel Partners,Closed,370,0,1,0
IN1347,Startup_1347,HealthTech,Hyderabad,2011,Seed,61235000,Kalaari Capital,Closed,1898,0,12,0
IN1348,Startup_1348,E-Commerce,Mumbai,2012,Bootstrapped,4644000,Accel Partners,Closed,509,0,10,0
IN1349,Startup_1349,SaaS,Mumbai,2010,Seed,26296000,Bootstrapped,Closed,243,0,3,0
IN1350,Startup_1350,AgriTech,Mumbai,2021,Grant,3956000,Elevation Capital,Closed,4560,0,1,0
IN1351,Startup_1351,E-Commerce,Pune,2017,Grant,2511000,Angel Network,Closed,1329,0,4,0
IN1352,Startup_1352,TravelTech,Hyderabad,2011,Pre-Seed,3012000,SoftBank,Closed,274,0,3,0
IN1353,Startup_1353,FinTech,Chennai,2022,Bootstrapped,10381000,Kalaari Capital,Closed,1520,0,2,0
IN1354,Startup_1354,E-Commerce,Hyderabad,2019,Grant,3947000,500 Startups,Closed,4578,0,2,0
IN1355,Startup_1355,EdTech,Ahmedabad,2016,Bootstrapped,4562000,Tiger Global,Acquired,4239,0,3,0
IN1356,Startup_1356,EdTech,Mumbai,2017,Series B,43335000,Sequoia Capital India,Active,1837,28861000,6,0
IN1357,Startup_1357,SaaS,Pune,2016,Series D+,61022000,Nexus Venture,Active,614,27510000,7,0
IN1358,Startup_1358,E-Commerce,Jaipur,2019,Series C,6609000,Angel Network,Closed,910,0,4,0
IN1359,Startup_1359,SaaS,Bengaluru,2010,Series D+,14156000,500 Startups,Closed,488,0,3,0
IN1360,Startup_1360,E-Commerce,Jaipur,2023,Series D+,73102000,500 Startups,Acquired,512,0,1,0
IN1361,Startup_1361,FoodTech,Mumbai,2022,Pre-Seed,368000,Matrix Partners,Closed,4902,0,1,0
IN1362,Startup_1362,TravelTech,Ahmedabad,2012,Series C,4772000,Blume Ventures,Closed,4160,0,4,0
IN1363,Startup_1363,AgriTech,Kolkata,2017,Series C,35070000,SoftBank,Closed,177,0,1,0
IN1364,Startup_1364,FinTech,Hyderabad,2018,Bootstrapped,8868000,SAIF Partners,Closed,3951,0,1,0
IN1365,Startup_1365,LogisticsTech,Kolkata,2021,Series A,25725000,Tiger Global,Closed,948,0,2,0
IN1366,Startup_1366,EdTech,Noida,2015,Series D+,35035000,Sequoia Capital India,Closed,1953,0,4,0
IN1367,Startup_1367,EdTech,Noida,2010,Series B,60255000,Government Grant,Closed,4394,0,10,0
IN1368,Startup_1368,FinTech,Bengaluru,2023,Series B,9655000,Tiger Global,Acquired,3594,0,1,0
IN1369,Startup_1369,SaaS,Bengaluru,2015,Series D+,62346000,Nexus Venture,Closed,1064,0,7,0
IN1370,Startup_1370,FoodTech,Mumbai,2020,Seed,46928000,SoftBank,Active,4056,27169000,3,0
IN1371,Startup_1371,AgriTech,Hyderabad,2017,Series C,31230000,Nexus Venture,Merged,2002,0,5,0
IN1372,Startup_1372,SaaS,Chennai,2021,Seed,63045000,Angel Network,Active,3985,16381000,2,0
IN1373,Startup_1373,E-Commerce,Delhi NCR,2023,Series B,61005000,Accel Partners,Closed,3052,0,1,0
IN1374,Startup_1374,FinTech,Hyderabad,2021,Grant,5472000,Accel Partners,Closed,176,0,2,0
IN1375,Startup_1375,FinTech,Pune,2014,Bootstrapped,11583000,Sequoia Capital India,Closed,2288,0,7,0
IN1376,Startup_1376,FoodTech,Bengaluru,2023,Bootstrapped,236000,SoftBank,Closed,3109,0,1,0
IN1377,Startup_1377,LogisticsTech,Jaipur,2010,Series C,45827000,500 Startups,Active,214,33570000,13,0
IN1378,Startup_1378,AgriTech,Pune,2022,Series B,13704000,Y Combinator,Closed,3557,0,2,0
IN1379,Startup_1379,FinTech,Mumbai,2018,Bootstrapped,11193000,Nexus Venture,Merged,4382,0,4,0
IN1380,Startup_1380,LogisticsTech,Noida,2021,Series C,23001000,Angel Network,Closed,1953,0,1,0
IN1381,Startup_1381,FinTech,Pune,2022,Series C,30367000,SAIF Partners,Active,2425,9206000,1,0
IN1382,Startup_1382,LogisticsTech,Bengaluru,2019,Series C,39622000,Government Grant,Closed,4982,0,1,0
IN1383,Startup_1383,EdTech,Pune,2019,Series D+,67838000,Blume Ventures,Acquired,3792,0,1,0
IN1384,Startup_1384,FoodTech,Bengaluru,2017,Pre-Seed,2409000,Y Combinator,Merged,4561,0,2,0
IN1385,Startup_1385,LogisticsTech,Bengaluru,2019,Seed,36698000,Kalaari Capital,Closed,526,0,4,0
IN1386,Startup_1386,HealthTech,Pune,2022,Series C,44695000,SoftBank,Closed,1431,0,1,0
IN1387,Startup_1387,HRTech,Bengaluru,2013,Seed,6531000,SAIF Partners,Closed,3609,0,10,0
IN1388,Startup_1388,AgriTech,Bengaluru,2018,Series B,28611000,Nexus Venture,Active,2110,1776000,5,0
IN1389,Startup_1389,AgriTech,Jaipur,2021,Pre-Seed,1405000,Accel Partners,Closed,4154,0,2,0
IN1390,Startup_1390,EdTech,Jaipur,2011,Series B,45715000,Y Combinator,Closed,3409,0,2,0
IN1391,Startup_1391,LogisticsTech,Pune,2012,Pre-Seed,4733000,Kalaari Capital,Closed,3345,0,11,0
IN1392,Startup_1392,AgriTech,Ahmedabad,2014,Pre-Seed,188000,500 Startups,Closed,1231,0,1,0
IN1393,Startup_1393,EdTech,Noida,2013,Series D+,62514000,SAIF Partners,Closed,4765,0,6,0
IN1394,Startup_1394,E-Commerce,Kolkata,2023,Pre-Seed,1685000,Government Grant,Closed,644,0,1,0
IN1395,Startup_1395,E-Commerce,Noida,2018,Bootstrapped,1369000,500 Startups,Closed,4325,0,1,0
IN1396,Startup_1396,HRTech,Ahmedabad,2020,Grant,691000,Elevation Capital,Closed,2402,0,1,0
IN1397,Startup_1397,AgriTech,Hyderabad,2022,Series D+,12661000,Accel Partners,Closed,1976,0,2,0
IN1398,Startup_1398,LogisticsTech,Chennai,2011,Series D+,4771000,Kalaari Capital,Closed,3968,0,10,0
IN1399,Startup_1399,E-Commerce,Ahmedabad,2022,Bootstrapped,9113000,Tiger Global,Closed,4406,0,1,0
IN1400,Startup_1400,LogisticsTech,Noida,2020,Series A,47792000,Kalaari Capital,Closed,2573,0,1,0
IN1401,Startup_1401,EdTech,Kolkata,2016,Series A,50684000,Government Grant,Closed,1624,0,2,0
IN1402,Startup_1402,FoodTech,Bengaluru,2012,Seed,38311000,Angel Network,Closed,3851,0,2,0
IN1403,Startup_1403,HealthTech,Bengaluru,2023,Bootstrapped,1527000,Accel Partners,Active,1086,666000,0,0
IN1404,Startup_1404,TravelTech,Kolkata,2016,Series D+,31392000,SoftBank,Closed,2405,0,1,0
IN1405,Startup_1405,AgriTech,Chennai,2019,Seed,1905000,Angel Network,Merged,2909,0,4,0
IN1406,Startup_1406,LogisticsTech,Ahmedabad,2021,Bootstrapped,2873000,Tiger Global,Closed,1504,0,1,0
IN1407,Startup_1407,HealthTech,Bengaluru,2019,Series D+,40981000,Kalaari Capital,Closed,3594,0,2,0
IN1408,Startup_1408,TravelTech,Noida,2014,Seed,22249000,Sequoia Capital India,Closed,4623,0,9,0
IN1409,Startup_1409,TravelTech,Noida,2018,Bootstrapped,1734000,Government Grant,Closed,1463,0,2,0
IN1410,Startup_1410,FinTech,Hyderabad,2016,Series C,74050000,Accel Partners,Closed,2847,0,3,0
IN1411,Startup_1411,HealthTech,Mumbai,2014,Series C,20360000,Tiger Global,Closed,2365,0,5,0
IN1412,Startup_1412,HRTech,Mumbai,2013,Series C,7319000,Y Combinator,Closed,4169,0,3,0
IN1413,Startup_1413,FinTech,Noida,2010,Series B,99984000,Sequoia Capital India,Active,3029,20232000,13,1
IN1414,Startup_1414,HRTech,Kolkata,2021,Grant,2910000,Nexus Venture,Closed,899,0,1,0
IN1415,Startup_1415,FoodTech,Kolkata,2017,Series C,6970000,Nexus Venture,Active,956,5411000,6,0
IN1416,Startup_1416,EdTech,Hyderabad,2021,Seed,40663000,Nexus Venture,Closed,3716,0,1,0
IN1417,Startup_1417,AgriTech,Bengaluru,2016,Seed,31788000,Kalaari Capital,Acquired,1561,0,7,0
IN1418,Startup_1418,TravelTech,Bengaluru,2020,Pre-Seed,2643000,Y Combinator,Closed,1805,0,3,0
IN1419,Startup_1419,E-Commerce,Pune,2017,Series A,20907000,Blume Ventures,Closed,2317,0,2,0
IN1420,Startup_1420,E-Commerce,Mumbai,2018,Series B,7772000,SAIF Partners,Active,1710,4527000,5,0
IN1421,Startup_1421,FinTech,Kolkata,2021,Series C,75908000,SoftBank,Closed,2858,0,2,0
IN1422,Startup_1422,TravelTech,Delhi NCR,2014,Series B,30092000,Blume Ventures,Acquired,3214,0,6,0
IN1423,Startup_1423,TravelTech,Ahmedabad,2014,Seed,43335000,500 Startups,Closed,2355,0,7,0
IN1424,Startup_1424,FoodTech,Chennai,2013,Bootstrapped,2332000,Kalaari Capital,Closed,932,0,6,0
IN1425,Startup_1425,LogisticsTech,Delhi NCR,2022,Grant,5187000,Elevation Capital,Acquired,3377,0,1,0
IN1426,Startup_1426,FinTech,Pune,2014,Series B,94048000,Sequoia Capital India,Acquired,4608,0,6,0
IN1427,Startup_1427,SaaS,Chennai,2016,Bootstrapped,2985000,Nexus Venture,Acquired,449,0,3,0
IN1428,Startup_1428,FoodTech,Hyderabad,2015,Pre-Seed,2058000,Elevation Capital,Closed,1366,0,4,0
IN1429,Startup_1429,EdTech,Noida,2019,Series D+,43273000,Angel Network,Closed,174,0,4,0
IN1430,Startup_1430,EdTech,Chennai,2015,Seed,41588000,Kalaari Capital,Closed,4388,0,4,0
IN1431,Startup_1431,HealthTech,Jaipur,2016,Series B,14778000,Kalaari Capital,Closed,2717,0,4,0
IN1432,Startup_1432,E-Commerce,Jaipur,2021,Series B,4354000,Sequoia Capital India,Merged,4315,0,1,0
IN1433,Startup_1433,TravelTech,Kolkata,2022,Grant,1281000,Sequoia Capital India,Active,1886,671000,1,0
IN1434,Startup_1434,E-Commerce,Bengaluru,2014,Seed,41813000,Matrix Partners,Acquired,1076,0,5,0
IN1435,Startup_1435,EdTech,Mumbai,2011,Bootstrapped,5946000,SAIF Partners,Active,4957,4395000,12,0
IN1436,Startup_1436,EdTech,Noida,2022,Bootstrapped,4853000,Nexus Venture,Closed,2653,0,2,0
IN1437,Startup_1437,TravelTech,Bengaluru,2014,Series C,4576000,Bootstrapped,Closed,4722,0,8,0
IN1438,Startup_1438,LogisticsTech,Pune,2016,Seed,24499000,Nexus Venture,Closed,3961,0,3,0
IN1439,Startup_1439,TravelTech,Jaipur,2013,Bootstrapped,2242000,Matrix Partners,Active,3055,1395000,10,0
IN1440,Startup_1440,EdTech,Ahmedabad,2013,Pre-Seed,1872000,Kalaari Capital,Closed,3907,0,10,0
IN1441,Startup_1441,EdTech,Pune,2015,Series A,78070000,Accel Partners,Acquired,4596,0,3,0
IN1442,Startup_1442,E-Commerce,Ahmedabad,2019,Series B,44590000,Y Combinator,Active,3881,19733000,4,0
IN1443,Startup_1443,HRTech,Hyderabad,2010,Grant,1097000,Kalaari Capital,Closed,1235,0,1,0
IN1444,Startup_1444,AgriTech,Noida,2019,Bootstrapped,1080000,SoftBank,Acquired,4609,0,4,0
IN1445,Startup_1445,TravelTech,Ahmedabad,2015,Series B,31928000,SAIF Partners,Closed,4546,0,2,0
IN1446,Startup_1446,EdTech,Kolkata,2021,Seed,60600000,Tiger Global,Closed,4261,0,1,0
IN1447,Startup_1447,HealthTech,Hyderabad,2017,Seed,38349000,Tiger Global,Active,4299,15930000,6,0
IN1448,Startup_1448,TravelTech,Kolkata,2016,Pre-Seed,1965000,Nexus Venture,Closed,2222,0,5,0
IN1449,Startup_1449,AgriTech,Noida,2015,Series A,20978000,SoftBank,Closed,3043,0,5,0
IN1450,Startup_1450,FoodTech,Ahmedabad,2013,Series D+,36048000,Y Combinator,Acquired,1110,0,3,0
IN1451,Startup_1451,TravelTech,Ahmedabad,2010,Series D+,6851000,Accel Partners,Closed,47,0,5,0
IN1452,Startup_1452,E-Commerce,Hyderabad,2021,Seed,36681000,Sequoia Capital India,Closed,3841,0,1,0
IN1453,Startup_1453,EdTech,Chennai,2020,Series B,1328000,SoftBank,Closed,2251,0,2,0
IN1454,Startup_1454,LogisticsTech,Noida,2021,Series C,46066000,500 Startups,Closed,2088,0,1,0
IN1455,Startup_1455,EdTech,Noida,2012,Seed,22543000,Nexus Venture,Closed,4619,0,2,0
IN1456,Startup_1456,HealthTech,Jaipur,2019,Bootstrapped,6955000,Elevation Capital,Closed,4956,0,3,0
IN1457,Startup_1457,HRTech,Ahmedabad,2013,Series A,8191000,SoftBank,Active,750,6120000,10,0
IN1458,Startup_1458,HRTech,Delhi NCR,2012,Series A,109000,Accel Partners,Closed,429,0,3,0
IN1459,Startup_1459,TravelTech,Ahmedabad,2016,Grant,2257000,Accel Partners,Closed,1974,0,5,0
IN1460,Startup_1460,LogisticsTech,Kolkata,2022,Bootstrapped,2143000,Y Combinator,Closed,4278,0,2,0
IN1461,Startup_1461,TravelTech,Mumbai,2019,Series B,42552000,Y Combinator,Merged,2277,0,2,0
IN1462,Startup_1462,LogisticsTech,Jaipur,2017,Grant,1518000,Accel Partners,Closed,4572,0,4,0
IN1463,Startup_1463,AgriTech,Delhi NCR,2010,Series D+,30853000,Kalaari Capital,Acquired,3476,0,4,0
IN1464,Startup_1464,HRTech,Jaipur,2013,Bootstrapped,3267000,Sequoia Capital India,Closed,1606,0,8,0
IN1465,Startup_1465,AgriTech,Jaipur,2013,Pre-Seed,1320000,500 Startups,Closed,3023,0,5,0
IN1466,Startup_1466,TravelTech,Bengaluru,2019,Series C,12445000,Blume Ventures,Active,3264,1032000,4,0
IN1467,Startup_1467,SaaS,Pune,2020,Pre-Seed,5766000,Y Combinator,Merged,3858,0,3,0
IN1468,Startup_1468,FoodTech,Ahmedabad,2012,Grant,3243000,SAIF Partners,Closed,853,0,1,0
IN1469,Startup_1469,AgriTech,Bengaluru,2019,Series A,7159000,Y Combinator,Closed,1080,0,1,0
IN1470,Startup_1470,LogisticsTech,Mumbai,2010,Grant,393000,Accel Partners,Closed,4459,0,5,0
IN1471,Startup_1471,E-Commerce,Noida,2021,Pre-Seed,7405000,500 Startups,Closed,2594,0,1,0
IN1472,Startup_1472,HRTech,Chennai,2018,Pre-Seed,1417000,Y Combinator,Merged,505,0,1,0
IN1473,Startup_1473,E-Commerce,Jaipur,2012,Series C,48997000,Nexus Venture,Active,4987,9751000,11,0
IN1474,Startup_1474,TravelTech,Kolkata,2012,Pre-Seed,2527000,Accel Partners,Closed,2799,0,8,0
IN1475,Startup_1475,HRTech,Mumbai,2019,Grant,3214000,Tiger Global,Active,709,608000,4,0
IN1476,Startup_1476,HRTech,Bengaluru,2022,Series A,7692000,Kalaari Capital,Closed,3773,0,1,0
IN1477,Startup_1477,E-Commerce,Pune,2023,Series B,81297000,Nexus Venture,Closed,438,0,2,0
IN1478,Startup_1478,SaaS,Delhi NCR,2014,Series A,29067000,Y Combinator,Closed,1544,0,5,0
IN1479,Startup_1479,E-Commerce,Delhi NCR,2014,Series C,29394000,Blume Ventures,Closed,2911,0,6,0
IN1480,Startup_1480,AgriTech,Jaipur,2017,Series A,33405000,Matrix Partners,Active,1277,15148000,6,0
IN1481,Startup_1481,E-Commerce,Kolkata,2015,Series C,77082000,SAIF Partners,Closed,4520,0,5,0
IN1482,Startup_1482,EdTech,Jaipur,2022,Series B,37522000,Sequoia Capital India,Closed,946,0,1,0
IN1483,Startup_1483,FoodTech,Delhi NCR,2017,Series D+,18989000,Elevation Capital,Closed,279,0,3,0
IN1484,Startup_1484,EdTech,Chennai,2023,Pre-Seed,3814000,Kalaari Capital,Closed,822,0,1,0
IN1485,Startup_1485,AgriTech,Pune,2012,Grant,3011000,Blume Ventures,Closed,3741,0,10,0
IN1486,Startup_1486,HRTech,Kolkata,2021,Bootstrapped,860000,Angel Network,Closed,3059,0,2,0
IN1487,Startup_1487,FoodTech,Kolkata,2014,Pre-Seed,4389000,Government Grant,Merged,4155,0,2,0
IN1488,Startup_1488,LogisticsTech,Kolkata,2022,Series C,24165000,Sequoia Capital India,Merged,1345,0,1,0
IN1489,Startup_1489,SaaS,Noida,2021,Series B,39824000,Tiger Global,Merged,1066,0,2,0
IN1490,Startup_1490,FinTech,Mumbai,2014,Series A,55316000,Tiger Global,Acquired,3775,0,1,0
IN1491,Startup_1491,HealthTech,Hyderabad,2012,Series C,16858000,Y Combinator,Closed,1667,0,7,0
IN1492,Startup_1492,EdTech,Hyderabad,2012,Series D+,12915000,Accel Partners,Active,3858,5972000,11,0
IN1493,Startup_1493,LogisticsTech,Hyderabad,2017,Bootstrapped,4243000,Government Grant,Acquired,786,0,4,0
IN1494,Startup_1494,HealthTech,Chennai,2022,Series A,29642000,Nexus Venture,Closed,3480,0,2,0
IN1495,Startup_1495,TravelTech,Mumbai,2015,Grant,4366000,Sequoia Capital India,Closed,1818,0,3,0
IN1496,Startup_1496,E-Commerce,Chennai,2015,Series D+,574000,Elevation Capital,Closed,3263,0,2,0
IN1497,Startup_1497,E-Commerce,Delhi NCR,2017,Series B,33492000,Accel Partners,Active,2783,11322000,6,0
IN1498,Startup_1498,HealthTech,Kolkata,2012,Series C,60872000,Blume Ventures,Closed,287,0,5,0
IN1499,Startup_1499,LogisticsTech,Delhi NCR,2012,Bootstrapped,5009000,Blume Ventures,Closed,678,0,6,0
IN1500,Startup_1500,EdTech,Kolkata,2022,Pre-Seed,1047000,SAIF Partners,Closed,3147,0,2,0
IN1501,Startup_1501,FinTech,Ahmedabad,2020,Bootstrapped,701000,Matrix Partners,Closed,2120,0,3,0
IN1502,Startup_1502,EdTech,Noida,2022,Grant,6252000,Angel Network,Closed,2746,0,2,0
IN1503,Startup_1503,EdTech,Delhi NCR,2016,Bootstrapped,658000,Sequoia Capital India,Acquired,2763,0,6,0
IN1504,Startup_1504,HRTech,Pune,2013,Grant,1632000,Sequoia Capital India,Closed,997,0,8,0
IN1505,Startup_1505,FoodTech,Chennai,2010,Series D+,16972000,Nexus Venture,Closed,194,0,9,0
IN1506,Startup_1506,SaaS,Delhi NCR,2014,Series D+,31357000,Nexus Venture,Closed,293,0,2,0
IN1507,Startup_1507,AgriTech,Bengaluru,2018,Bootstrapped,345000,Accel Partners,Closed,1034,0,2,0
IN1508,Startup_1508,FoodTech,Kolkata,2014,Series D+,34496000,SoftBank,Merged,4290,0,8,0
IN1509,Startup_1509,FinTech,Mumbai,2015,Series D+,73318000,Angel Network,Active,830,24667000,8,0
IN1510,Startup_1510,EdTech,Chennai,2020,Series C,1986000,Angel Network,Closed,2106,0,3,0
IN1511,Startup_1511,EdTech,Kolkata,2011,Series B,79594000,Elevation Capital,Closed,4213,0,9,0
IN1512,Startup_1512,E-Commerce,Bengaluru,2015,Grant,10293000,Nexus Venture,Closed,1523,0,5,0
IN1513,Startup_1513,TravelTech,Bengaluru,2019,Bootstrapped,3055000,Nexus Venture,Acquired,43,0,4,0
IN1514,Startup_1514,E-Commerce,Bengaluru,2022,Bootstrapped,3052000,Blume Ventures,Closed,4909,0,2,0
IN1515,Startup_1515,EdTech,Hyderabad,2013,Pre-Seed,1784000,Elevation Capital,Closed,2359,0,10,0
IN1516,Startup_1516,FoodTech,Noida,2016,Series D+,23859000,SAIF Partners,Closed,104,0,3,0
IN1517,Startup_1517,AgriTech,Chennai,2015,Grant,3419000,Blume Ventures,Closed,1727,0,3,0
IN1518,Startup_1518,LogisticsTech,Pune,2016,Pre-Seed,3436000,Accel Partners,Closed,3987,0,5,0
IN1519,Startup_1519,AgriTech,Mumbai,2013,Series D+,30059000,Blume Ventures,Closed,3830,0,1,0
IN1520,Startup_1520,HealthTech,Noida,2019,Series A,50971000,Matrix Partners,Closed,193,0,3,0
IN1521,Startup_1521,TravelTech,Ahmedabad,2013,Bootstrapped,601000,Elevation Capital,Acquired,1013,0,2,0
IN1522,Startup_1522,LogisticsTech,Hyderabad,2013,Seed,10882000,Tiger Global,Closed,3287,0,9,0
IN1523,Startup_1523,LogisticsTech,Chennai,2022,Series B,36035000,Kalaari Capital,Closed,2977,0,1,0
IN1524,Startup_1524,AgriTech,Jaipur,2018,Bootstrapped,1622000,Government Grant,Closed,3802,0,3,0
IN1525,Startup_1525,FoodTech,Delhi NCR,2023,Series A,316000,Y Combinator,Closed,2738,0,2,0
IN1526,Startup_1526,HealthTech,Mumbai,2016,Bootstrapped,3710000,Bootstrapped,Merged,239,0,5,0
IN1527,Startup_1527,E-Commerce,Delhi NCR,2019,Seed,80643000,Sequoia Capital India,Closed,2664,0,2,0
IN1528,Startup_1528,HealthTech,Noida,2020,Grant,8568000,Sequoia Capital India,Closed,4928,0,3,0
IN1529,Startup_1529,LogisticsTech,Jaipur,2018,Series B,9850000,Kalaari Capital,Acquired,1962,0,2,0
IN1530,Startup_1530,FoodTech,Hyderabad,2015,Series A,44738000,SoftBank,Closed,4733,0,8,0
IN1531,Startup_1531,FoodTech,Hyderabad,2020,Grant,3987000,Blume Ventures,Merged,4099,0,3,0
IN1532,Startup_1532,EdTech,Noida,2023,Series D+,72729000,SoftBank,Acquired,3788,0,1,0
IN1533,Startup_1533,FinTech,Bengaluru,2020,Bootstrapped,11947000,Y Combinator,Acquired,3158,0,1,0
IN1534,Startup_1534,LogisticsTech,Pune,2021,Seed,36497000,SAIF Partners,Closed,196,0,2,0
IN1535,Startup_1535,FoodTech,Bengaluru,2014,Bootstrapped,3630000,Sequoia Capital India,Acquired,2978,0,7,0
IN1536,Startup_1536,TravelTech,Ahmedabad,2016,Seed,38133000,Government Grant,Active,4751,23459000,7,0
IN1537,Startup_1537,EdTech,Delhi NCR,2015,Bootstrapped,1153000,SoftBank,Closed,3955,0,4,0
IN1538,Startup_1538,SaaS,Mumbai,2015,Seed,49679000,Government Grant,Closed,2006,0,5,0
IN1539,Startup_1539,AgriTech,Pune,2021,Grant,1807000,Nexus Venture,Closed,4656,0,2,0
IN1540,Startup_1540,HRTech,Bengaluru,2022,Series A,10166000,SoftBank,Closed,3040,0,2,0
IN1541,Startup_1541,SaaS,Pune,2021,Series A,21436000,Angel Network,Closed,3605,0,2,0
IN1542,Startup_1542,HealthTech,Delhi NCR,2012,Series C,23380000,SoftBank,Acquired,231,0,4,0
IN1543,Startup_1543,HRTech,Pune,2012,Pre-Seed,2527000,Angel Network,Closed,4235,0,7,0
IN1544,Startup_1544,FoodTech,Noida,2012,Series D+,29419000,SAIF Partners,Closed,2576,0,9,0
IN1545,Startup_1545,AgriTech,Kolkata,2023,Grant,3484000,Blume Ventures,Closed,1438,0,2,0
IN1546,Startup_1546,LogisticsTech,Bengaluru,2020,Seed,18697000,SoftBank,Closed,1231,0,2,0
IN1547,Startup_1547,HRTech,Mumbai,2020,Series B,16130000,500 Startups,Closed,101,0,3,0
IN1548,Startup_1548,TravelTech,Hyderabad,2021,Series B,1575000,Bootstrapped,Closed,811,0,2,0
IN1549,Startup_1549,TravelTech,Mumbai,2014,Seed,2613000,Elevation Capital,Merged,4285,0,4,0
IN1550,Startup_1550,E-Commerce,Pune,2022,Series A,71728000,SoftBank,Closed,1872,0,2,0
IN1551,Startup_1551,HealthTech,Bengaluru,2019,Series C,8495000,SoftBank,Closed,523,0,2,0
IN1552,Startup_1552,TravelTech,Pune,2010,Series B,26397000,Elevation Capital,Closed,3911,0,8,0
IN1553,Startup_1553,EdTech,Jaipur,2022,Pre-Seed,5079000,SoftBank,Closed,3920,0,1,0
IN1554,Startup_1554,FoodTech,Mumbai,2017,Series B,29530000,Elevation Capital,Active,3993,8120000,6,0
IN1555,Startup_1555,FinTech,Noida,2016,Seed,53396000,Bootstrapped,Closed,1597,0,5,0
IN1556,Startup_1556,HRTech,Ahmedabad,2010,Series C,21087000,Blume Ventures,Closed,1448,0,6,0
IN1557,Startup_1557,TravelTech,Ahmedabad,2018,Series C,13554000,Y Combinator,Merged,4361,0,2,0
IN1558,Startup_1558,AgriTech,Pune,2020,Series C,4548000,Government Grant,Closed,1494,0,2,0
IN1559,Startup_1559,FinTech,Chennai,2018,Grant,2187000,Government Grant,Closed,3541,0,3,0
IN1560,Startup_1560,EdTech,Ahmedabad,2015,Series A,8875000,SoftBank,Closed,1748,0,5,0
IN1561,Startup_1561,TravelTech,Pune,2015,Grant,1357000,Elevation Capital,Active,1724,649000,8,0
IN1562,Startup_1562,HealthTech,Chennai,2012,Series B,70787000,Y Combinator,Closed,1295,0,10,0
IN1563,Startup_1563,HealthTech,Chennai,2018,Grant,7105000,Government Grant,Closed,2208,0,2,0
IN1564,Startup_1564,SaaS,Ahmedabad,2023,Series C,21540000,Angel Network,Closed,2901,0,2,0
IN1565,Startup_1565,FoodTech,Pune,2016,Bootstrapped,43000,Matrix Partners,Closed,455,0,4,0
IN1566,Startup_1566,AgriTech,Delhi NCR,2017,Series C,28203000,SoftBank,Active,2098,7646000,6,0
IN1567,Startup_1567,AgriTech,Bengaluru,2015,Bootstrapped,1310000,SAIF Partners,Closed,1635,0,4,0
IN1568,Startup_1568,HRTech,Jaipur,2017,Series C,8586000,Kalaari Capital,Active,3931,6492000,6,0
IN1569,Startup_1569,HRTech,Ahmedabad,2010,Bootstrapped,3182000,Blume Ventures,Closed,2048,0,5,0
IN1570,Startup_1570,HRTech,Noida,2016,Pre-Seed,2242000,Nexus Venture,Active,4408,733000,7,0
IN1571,Startup_1571,SaaS,Mumbai,2017,Series A,5318000,Government Grant,Acquired,3391,0,2,0
IN1572,Startup_1572,HealthTech,Noida,2014,Series B,39612000,Kalaari Capital,Closed,4693,0,9,0
IN1573,Startup_1573,SaaS,Jaipur,2018,Series C,9962000,Government Grant,Closed,559,0,3,0
IN1574,Startup_1574,AgriTech,Ahmedabad,2021,Series B,18786000,Blume Ventures,Closed,2969,0,2,0
IN1575,Startup_1575,E-Commerce,Pune,2014,Pre-Seed,7079000,Matrix Partners,Closed,3248,0,8,0
IN1576,Startup_1576,FinTech,Jaipur,2010,Series D+,52746000,Sequoia Capital India,Active,4132,37176000,13,0
IN1577,Startup_1577,AgriTech,Jaipur,2017,Series C,25412000,Angel Network,Closed,620,0,5,0
IN1578,Startup_1578,EdTech,Jaipur,2022,Seed,63928000,Y Combinator,Closed,720,0,2,0
IN1579,Startup_1579,HRTech,Hyderabad,2022,Seed,15140000,Nexus Venture,Closed,3817,0,2,0
IN1580,Startup_1580,HealthTech,Chennai,2011,Series A,30781000,SAIF Partners,Closed,3544,0,1,0
IN1581,Startup_1581,LogisticsTech,Noida,2014,Pre-Seed,2352000,Sequoia Capital India,Closed,1847,0,6,0
IN1582,Startup_1582,LogisticsTech,Delhi NCR,2014,Series B,46113000,SAIF Partners,Closed,3751,0,4,0
IN1583,Startup_1583,HRTech,Chennai,2021,Series A,5275000,Nexus Venture,Closed,1489,0,1,0
IN1584,Startup_1584,FinTech,Jaipur,2019,Pre-Seed,6504000,Accel Partners,Closed,2684,0,3,0
IN1585,Startup_1585,E-Commerce,Hyderabad,2013,Series C,109014000,SoftBank,Closed,1781,0,6,0
IN1586,Startup_1586,FinTech,Delhi NCR,2017,Seed,45326000,Blume Ventures,Acquired,1710,0,4,0
IN1587,Startup_1587,FinTech,Ahmedabad,2017,Bootstrapped,9263000,Elevation Capital,Closed,1023,0,1,0
IN1588,Startup_1588,HealthTech,Jaipur,2019,Seed,19105000,Blume Ventures,Closed,4956,0,3,0
IN1589,Startup_1589,AgriTech,Kolkata,2013,Series B,32012000,Kalaari Capital,Merged,3917,0,5,0
IN1590,Startup_1590,TravelTech,Mumbai,2017,Pre-Seed,3617000,Matrix Partners,Active,821,1143000,6,0
IN1591,Startup_1591,SaaS,Mumbai,2016,Series C,49130000,Bootstrapped,Closed,3194,0,4,0
IN1592,Startup_1592,FinTech,Pune,2021,Series D+,101766000,Tiger Global,Active,4627,5796000,2,1
IN1593,Startup_1593,TravelTech,Delhi NCR,2012,Grant,285000,Government Grant,Closed,1720,0,11,0
IN1594,Startup_1594,SaaS,Chennai,2019,Bootstrapped,2943000,Tiger Global,Acquired,4250,0,2,0
IN1595,Startup_1595,HealthTech,Chennai,2011,Series A,18606000,Matrix Partners,Active,3059,13615000,12,0
IN1596,Startup_1596,SaaS,Noida,2015,Pre-Seed,2331000,500 Startups,Closed,3856,0,1,0
IN1597,Startup_1597,HealthTech,Kolkata,2010,Bootstrapped,6511000,Tiger Global,Closed,1297,0,2,0
IN1598,Startup_1598,FinTech,Chennai,2013,Seed,8426000,Blume Ventures,Closed,3806,0,7,0
IN1599,Startup_1599,TravelTech,Ahmedabad,2012,Pre-Seed,2118000,500 Startups,Closed,2106,0,3,0
IN1600,Startup_1600,AgriTech,Jaipur,2015,Seed,29974000,Y Combinator,Closed,4681,0,4,0
IN1601,Startup_1601,HealthTech,Hyderabad,2018,Series A,13091000,Bootstrapped,Acquired,675,0,1,0
IN1602,Startup_1602,LogisticsTech,Pune,2019,Seed,15190000,Angel Network,Closed,2468,0,3,0
IN1603,Startup_1603,FoodTech,Noida,2018,Series C,6716000,Matrix Partners,Closed,3072,0,2,0
IN1604,Startup_1604,HRTech,Bengaluru,2021,Bootstrapped,2782000,Tiger Global,Closed,119,0,1,0
IN1605,Startup_1605,FinTech,Hyderabad,2012,Bootstrapped,6886000,Blume Ventures,Closed,2819,0,4,0
IN1606,Startup_1606,HRTech,Kolkata,2017,Series B,9272000,Blume Ventures,Closed,967,0,6,0
IN1607,Startup_1607,SaaS,Jaipur,2015,Series D+,13164000,Kalaari Capital,Merged,3994,0,8,0
IN1608,Startup_1608,EdTech,Chennai,2022,Series C,29361000,Bootstrapped,Active,210,22713000,1,0
IN1609,Startup_1609,HealthTech,Mumbai,2013,Grant,1109000,Angel Network,Acquired,2424,0,3,0
IN1610,Startup_1610,AgriTech,Pune,2017,Bootstrapped,3759000,Y Combinator,Closed,4136,0,2,0
IN1611,Startup_1611,LogisticsTech,Jaipur,2013,Series A,13467000,Sequoia Capital India,Acquired,1629,0,6,0
IN1612,Startup_1612,TravelTech,Noida,2022,Series A,23922000,Sequoia Capital India,Closed,4369,0,2,0
IN1613,Startup_1613,TravelTech,Hyderabad,2021,Series A,4596000,Tiger Global,Closed,1855,0,1,0
IN1614,Startup_1614,TravelTech,Noida,2016,Series B,43162000,Matrix Partners,Closed,2430,0,4,0
IN1615,Startup_1615,TravelTech,Kolkata,2017,Grant,3250000,Nexus Venture,Closed,4,0,1,0
IN1616,Startup_1616,SaaS,Jaipur,2020,Series C,51382000,Elevation Capital,Closed,549,0,1,0
IN1617,Startup_1617,LogisticsTech,Delhi NCR,2012,Grant,4592000,Government Grant,Acquired,1988,0,7,0
IN1618,Startup_1618,HealthTech,Kolkata,2016,Series B,31732000,SoftBank,Closed,2264,0,2,0
IN1619,Startup_1619,LogisticsTech,Mumbai,2021,Series A,8716000,Nexus Venture,Closed,2684,0,1,0
IN1620,Startup_1620,EdTech,Jaipur,2014,Seed,47956000,SoftBank,Closed,3592,0,5,0
IN1621,Startup_1621,EdTech,Jaipur,2021,Grant,7044000,Government Grant,Closed,2798,0,2,0
IN1622,Startup_1622,FinTech,Kolkata,2023,Series C,56250000,Elevation Capital,Active,1381,39779000,0,0
IN1623,Startup_1623,FoodTech,Pune,2013,Seed,36628000,Elevation Capital,Active,2972,8460000,10,0
IN1624,Startup_1624,FoodTech,Kolkata,2016,Pre-Seed,4328000,Nexus Venture,Closed,2261,0,3,0
IN1625,Startup_1625,TravelTech,Chennai,2016,Series C,3831000,Accel Partners,Merged,3979,0,2,0
IN1626,Startup_1626,HRTech,Ahmedabad,2013,Bootstrapped,373000,Government Grant,Closed,3998,0,9,0
IN1627,Startup_1627,HRTech,Noida,2016,Bootstrapped,386000,Y Combinator,Active,809,186000,7,0
IN1628,Startup_1628,EdTech,Hyderabad,2015,Bootstrapped,5752000,Sequoia Capital India,Acquired,2847,0,8,0
IN1629,Startup_1629,FoodTech,Noida,2023,Pre-Seed,4069000,Bootstrapped,Merged,3539,0,1,0
IN1630,Startup_1630,E-Commerce,Noida,2012,Pre-Seed,3645000,Nexus Venture,Closed,3378,0,1,0
IN1631,Startup_1631,FoodTech,Pune,2015,Series D+,48285000,Nexus Venture,Closed,3655,0,1,0
IN1632,Startup_1632,AgriTech,Ahmedabad,2021,Series C,6508000,SAIF Partners,Closed,4485,0,2,0
IN1633,Startup_1633,LogisticsTech,Chennai,2022,Series A,51427000,Kalaari Capital,Acquired,2883,0,1,0
IN1634,Startup_1634,AgriTech,Pune,2011,Seed,12586000,Blume Ventures,Closed,1527,0,7,0
IN1635,Startup_1635,E-Commerce,Pune,2023,Grant,8873000,500 Startups,Closed,2963,0,1,0
IN1636,Startup_1636,HealthTech,Chennai,2010,Seed,28154000,SAIF Partners,Closed,4593,0,5,0
IN1637,Startup_1637,TravelTech,Jaipur,2012,Bootstrapped,351000,Accel Partners,Closed,743,0,10,0
IN1638,Startup_1638,LogisticsTech,Pune,2012,Series D+,23926000,500 Startups,Closed,3157,0,2,0
IN1639,Startup_1639,SaaS,Noida,2019,Seed,15854000,Y Combinator,Closed,336,0,2,0
IN1640,Startup_1640,TravelTech,Delhi NCR,2020,Series C,10179000,Angel Network,Active,1795,2382000,3,0
IN1641,Startup_1641,E-Commerce,Ahmedabad,2020,Series B,32929000,Sequoia Capital India,Closed,3960,0,2,0
IN1642,Startup_1642,LogisticsTech,Jaipur,2018,Series B,50905000,Elevation Capital,Closed,3275,0,5,0
IN1643,Startup_1643,LogisticsTech,Pune,2021,Series D+,15961000,Kalaari Capital,Acquired,2988,0,1,0
IN1644,Startup_1644,AgriTech,Jaipur,2015,Seed,5466000,Y Combinator,Merged,2024,0,3,0
IN1645,Startup_1645,EdTech,Jaipur,2021,Grant,856000,Y Combinator,Closed,4950,0,1,0
IN1646,Startup_1646,AgriTech,Jaipur,2023,Series B,23013000,Sequoia Capital India,Closed,3772,0,2,0
IN1647,Startup_1647,FoodTech,Noida,2016,Seed,8691000,SAIF Partners,Merged,3675,0,5,0
IN1648,Startup_1648,FinTech,Chennai,2017,Series A,42852000,Angel Network,Active,2263,20454000,6,0
IN1649,Startup_1649,FinTech,Noida,2017,Bootstrapped,11316000,Matrix Partners,Closed,1764,0,6,0
IN1650,Startup_1650,FoodTech,Pune,2018,Series C,28557000,500 Startups,Closed,4163,0,4,0
IN1651,Startup_1651,HealthTech,Jaipur,2020,Series D+,87389000,Sequoia Capital India,Acquired,2937,0,3,0
IN1652,Startup_1652,EdTech,Mumbai,2019,Seed,58484000,Angel Network,Closed,1596,0,2,0
IN1653,Startup_1653,HRTech,Delhi NCR,2023,Series A,32516000,Angel Network,Active,980,9717000,0,0
IN1654,Startup_1654,EdTech,Kolkata,2019,Bootstrapped,3063000,Blume Ventures,Acquired,1136,0,3,0
IN1655,Startup_1655,HealthTech,Mumbai,2014,Series D+,38903000,Nexus Venture,Closed,4095,0,2,0
IN1656,Startup_1656,HealthTech,Pune,2016,Series B,88712000,Bootstrapped,Closed,670,0,3,0
IN1657,Startup_1657,FoodTech,Mumbai,2018,Series C,30367000,SAIF Partners,Active,486,17067000,5,0
IN1658,Startup_1658,EdTech,Delhi NCR,2010,Pre-Seed,3090000,Sequoia Capital India,Active,4655,1460000,13,0
IN1659,Startup_1659,EdTech,Delhi NCR,2013,Grant,1763000,Kalaari Capital,Closed,796,0,3,0
IN1660,Startup_1660,HRTech,Chennai,2019,Series A,24752000,500 Startups,Acquired,1456,0,2,0
IN1661,Startup_1661,FoodTech,Bengaluru,2019,Pre-Seed,4443000,Government Grant,Acquired,987,0,3,0
IN1662,Startup_1662,SaaS,Mumbai,2015,Series A,11842000,Accel Partners,Closed,4078,0,4,0
IN1663,Startup_1663,HRTech,Delhi NCR,2019,Series D+,32508000,SAIF Partners,Merged,3187,0,4,0
IN1664,Startup_1664,EdTech,Jaipur,2011,Series D+,11482000,Y Combinator,Closed,4022,0,4,0
IN1665,Startup_1665,LogisticsTech,Bengaluru,2015,Pre-Seed,5528000,Government Grant,Acquired,4844,0,2,0
IN1666,Startup_1666,TravelTech,Mumbai,2020,Series D+,25379000,Angel Network,Acquired,4359,0,3,0
IN1667,Startup_1667,LogisticsTech,Jaipur,2020,Series B,8301000,Government Grant,Closed,1624,0,2,0
IN1668,Startup_1668,LogisticsTech,Kolkata,2016,Bootstrapped,162000,Accel Partners,Active,2635,76000,7,0
IN1669,Startup_1669,HRTech,Kolkata,2014,Grant,2700000,Government Grant,Merged,453,0,9,0
IN1670,Startup_1670,FinTech,Hyderabad,2011,Series C,89868000,Elevation Capital,Acquired,4448,0,3,0
IN1671,Startup_1671,AgriTech,Bengaluru,2018,Pre-Seed,1219000,SoftBank,Active,2883,942000,5,0
IN1672,Startup_1672,FinTech,Kolkata,2021,Series A,81895000,Sequoia Capital India,Closed,1759,0,1,0
IN1673,Startup_1673,FoodTech,Delhi NCR,2013,Series D+,10300000,SoftBank,Active,4680,5462000,10,0
IN1674,Startup_1674,FinTech,Bengaluru,2016,Series B,14402000,Nexus Venture,Acquired,40,0,2,0
IN1675,Startup_1675,AgriTech,Delhi NCR,2016,Series B,33528000,Sequoia Capital India,Closed,1279,0,2,0
IN1676,Startup_1676,HRTech,Hyderabad,2019,Series C,14857000,Elevation Capital,Acquired,2539,0,2,0
IN1677,Startup_1677,SaaS,Kolkata,2021,Pre-Seed,2904000,Nexus Venture,Closed,1554,0,2,0
IN1678,Startup_1678,SaaS,Noida,2010,Bootstrapped,5373000,Tiger Global,Active,1828,553000,13,0
IN1679,Startup_1679,EdTech,Mumbai,2012,Grant,4305000,Tiger Global,Active,2103,3300000,11,0
IN1680,Startup_1680,LogisticsTech,Pune,2018,Series C,34292000,Accel Partners,Closed,980,0,4,0
IN1681,Startup_1681,E-Commerce,Mumbai,2018,Grant,5720000,Sequoia Capital India,Closed,3843,0,4,0
IN1682,Startup_1682,EdTech,Mumbai,2013,Pre-Seed,1492000,Government Grant,Acquired,554,0,4,0
IN1683,Startup_1683,LogisticsTech,Noida,2015,Grant,2663000,Government Grant,Closed,338,0,4,0
IN1684,Startup_1684,E-Commerce,Chennai,2010,Pre-Seed,3781000,Nexus Venture,Merged,1439,0,6,0
IN1685,Startup_1685,FoodTech,Hyderabad,2020,Pre-Seed,778000,Nexus Venture,Closed,4143,0,1,0
IN1686,Startup_1686,E-Commerce,Delhi NCR,2020,Series B,79441000,Sequoia Capital India,Closed,3610,0,1,0
IN1687,Startup_1687,E-Commerce,Noida,2018,Series C,16113000,Kalaari Capital,Closed,466,0,1,0
IN1688,Startup_1688,EdTech,Kolkata,2018,Pre-Seed,1376000,500 Startups,Closed,2637,0,3,0
IN1689,Startup_1689,FinTech,Delhi NCR,2011,Series B,909000,Sequoia Capital India,Active,3176,570000,12,0
IN1690,Startup_1690,EdTech,Hyderabad,2022,Pre-Seed,610000,Bootstrapped,Closed,3904,0,2,0
IN1691,Startup_1691,SaaS,Noida,2016,Grant,1675000,Blume Ventures,Acquired,2050,0,3,0
IN1692,Startup_1692,FoodTech,Ahmedabad,2012,Grant,1810000,Tiger Global,Closed,2351,0,11,0
IN1693,Startup_1693,HealthTech,Kolkata,2014,Series A,2178000,Government Grant,Closed,2458,0,3,0
IN1694,Startup_1694,FinTech,Ahmedabad,2016,Series B,15440000,Bootstrapped,Merged,2893,0,2,0
IN1695,Startup_1695,LogisticsTech,Kolkata,2016,Grant,2674000,Matrix Partners,Closed,3799,0,3,0
IN1696,Startup_1696,AgriTech,Chennai,2020,Bootstrapped,2124000,SoftBank,Closed,1779,0,3,0
IN1697,Startup_1697,E-Commerce,Noida,2013,Series D+,60483000,Government Grant,Acquired,3346,0,6,0
IN1698,Startup_1698,SaaS,Hyderabad,2016,Series A,38067000,Blume Ventures,Closed,2462,0,7,0
IN1699,Startup_1699,HRTech,Kolkata,2010,Series B,19354000,Tiger Global,Closed,3150,0,9,0
IN1700,Startup_1700,LogisticsTech,Delhi NCR,2017,Pre-Seed,2328000,Bootstrapped,Closed,1413,0,3,0
IN1701,Startup_1701,HRTech,Delhi NCR,2020,Bootstrapped,2805000,Tiger Global,Closed,3371,0,2,0
IN1702,Startup_1702,FoodTech,Hyderabad,2023,Series A,24411000,Elevation Capital,Closed,4348,0,1,0
IN1703,Startup_1703,EdTech,Mumbai,2011,Pre-Seed,6901000,Sequoia Capital India,Active,2717,4758000,12,0
IN1704,Startup_1704,AgriTech,Chennai,2013,Series A,12372000,Accel Partners,Merged,2975,0,10,0
IN1705,Startup_1705,AgriTech,Noida,2023,Grant,2817000,Nexus Venture,Closed,2486,0,1,0
IN1706,Startup_1706,TravelTech,Delhi NCR,2012,Series A,24001000,Elevation Capital,Closed,3358,0,3,0
IN1707,Startup_1707,TravelTech,Jaipur,2020,Grant,1273000,Y Combinator,Closed,2045,0,1,0
IN1708,Startup_1708,HealthTech,Ahmedabad,2011,Pre-Seed,3447000,Matrix Partners,Closed,3908,0,3,0
IN1709,Startup_1709,FinTech,Noida,2021,Series D+,70394000,Tiger Global,Acquired,3666,0,1,0
IN1710,Startup_1710,FoodTech,Noida,2015,Series D+,44342000,Accel Partners,Merged,1453,0,3,0
IN1711,Startup_1711,HRTech,Pune,2020,Bootstrapped,397000,500 Startups,Acquired,1616,0,3,0
IN1712,Startup_1712,AgriTech,Pune,2021,Seed,39344000,Blume Ventures,Closed,132,0,2,0
IN1713,Startup_1713,HealthTech,Chennai,2023,Series C,25438000,SAIF Partners,Closed,194,0,2,0
IN1714,Startup_1714,AgriTech,Delhi NCR,2010,Series B,10598000,Matrix Partners,Closed,2766,0,1,0
IN1715,Startup_1715,SaaS,Ahmedabad,2020,Seed,2341000,Y Combinator,Closed,89,0,3,0
IN1716,Startup_1716,HRTech,Bengaluru,2014,Bootstrapped,1651000,Matrix Partners,Closed,296,0,5,0
IN1717,Startup_1717,LogisticsTech,Chennai,2015,Bootstrapped,2066000,Kalaari Capital,Closed,2144,0,4,0
IN1718,Startup_1718,FoodTech,Pune,2014,Seed,45951000,Accel Partners,Acquired,2612,0,9,0
IN1719,Startup_1719,EdTech,Bengaluru,2022,Series A,8743000,Accel Partners,Acquired,1452,0,2,0
IN1720,Startup_1720,EdTech,Delhi NCR,2019,Series B,69122000,Sequoia Capital India,Closed,112,0,3,0
IN1721,Startup_1721,HRTech,Mumbai,2012,Grant,1165000,Bootstrapped,Closed,868,0,10,0
IN1722,Startup_1722,EdTech,Bengaluru,2021,Series A,59736000,Accel Partners,Closed,1522,0,1,0
IN1723,Startup_1723,EdTech,Bengaluru,2016,Series B,57415000,Matrix Partners,Closed,2626,0,6,0
IN1724,Startup_1724,TravelTech,Hyderabad,2017,Series B,22339000,Angel Network,Closed,1526,0,4,0
IN1725,Startup_1725,SaaS,Noida,2023,Pre-Seed,3560000,Accel Partners,Closed,1442,0,1,0
IN1726,Startup_1726,SaaS,Delhi NCR,2018,Series B,49245000,Accel Partners,Closed,1543,0,2,0
IN1727,Startup_1727,AgriTech,Hyderabad,2012,Bootstrapped,2373000,Elevation Capital,Closed,3379,0,9,0
IN1728,Startup_1728,SaaS,Hyderabad,2016,Series C,51521000,SAIF Partners,Acquired,59,0,6,0
IN1729,Startup_1729,SaaS,Pune,2022,Series A,4535000,Kalaari Capital,Active,496,2335000,1,0
IN1730,Startup_1730,LogisticsTech,Mumbai,2020,Grant,4471000,Accel Partners,Active,2610,2196000,3,0
IN1731,Startup_1731,AgriTech,Noida,2020,Seed,29113000,Kalaari Capital,Closed,3694,0,2,0
IN1732,Startup_1732,FoodTech,Chennai,2017,Series C,15777000,Angel Network,Closed,1560,0,2,0
IN1733,Startup_1733,HRTech,Delhi NCR,2010,Series D+,30811000,Kalaari Capital,Closed,3305,0,8,0
IN1734,Startup_1734,FoodTech,Ahmedabad,2012,Series A,19370000,Sequoia Capital India,Closed,1144,0,6,0
IN1735,Startup_1735,LogisticsTech,Delhi NCR,2016,Series D+,47524000,Bootstrapped,Active,1417,7760000,7,0
IN1736,Startup_1736,HealthTech,Hyderabad,2011,Pre-Seed,1375000,Kalaari Capital,Closed,1622,0,1,0
IN1737,Startup_1737,FoodTech,Kolkata,2012,Series C,42713000,Nexus Venture,Acquired,1867,0,4,0
IN1738,Startup_1738,FoodTech,Noida,2021,Grant,4737000,Tiger Global,Closed,3994,0,1,0
IN1739,Startup_1739,AgriTech,Mumbai,2011,Series D+,24352000,Tiger Global,Closed,1928,0,9,0
IN1740,Startup_1740,FoodTech,Hyderabad,2016,Grant,1550000,Tiger Global,Active,2775,810000,7,0
IN1741,Startup_1741,HRTech,Kolkata,2019,Seed,18584000,Kalaari Capital,Closed,3060,0,2,0
IN1742,Startup_1742,AgriTech,Noida,2017,Seed,14863000,SoftBank,Active,1717,11273000,6,0
IN1743,Startup_1743,E-Commerce,Chennai,2020,Grant,6123000,Elevation Capital,Closed,2714,0,3,0
IN1744,Startup_1744,E-Commerce,Delhi NCR,2015,Series B,67189000,Y Combinator,Closed,2042,0,8,0
IN1745,Startup_1745,HRTech,Ahmedabad,2010,Series D+,3436000,Government Grant,Closed,1217,0,10,0
IN1746,Startup_1746,AgriTech,Mumbai,2018,Grant,3603000,Angel Network,Closed,2181,0,1,0
IN1747,Startup_1747,FoodTech,Kolkata,2022,Series B,13919000,Tiger Global,Closed,2982,0,1,0
IN1748,Startup_1748,FoodTech,Hyderabad,2013,Pre-Seed,4127000,Blume Ventures,Closed,4604,0,3,0
IN1749,Startup_1749,SaaS,Chennai,2017,Series D+,37611000,Y Combinator,Closed,1543,0,5,0
IN1750,Startup_1750,HRTech,Mumbai,2014,Pre-Seed,690000,Government Grant,Closed,4131,0,5,0
IN1751,Startup_1751,E-Commerce,Kolkata,2016,Pre-Seed,2278000,Nexus Venture,Closed,209,0,1,0
IN1752,Startup_1752,LogisticsTech,Mumbai,2015,Grant,5958000,Blume Ventures,Closed,3131,0,3,0
IN1753,Startup_1753,HRTech,Ahmedabad,2022,Series D+,9647000,Nexus Venture,Active,1622,5593000,1,0
IN1754,Startup_1754,FoodTech,Pune,2012,Series A,995000,Sequoia Capital India,Closed,2676,0,9,0
IN1755,Startup_1755,FoodTech,Chennai,2012,Series D+,18845000,Sequoia Capital India,Acquired,3559,0,11,0
IN1756,Startup_1756,AgriTech,Kolkata,2012,Series D+,30445000,Bootstrapped,Closed,2319,0,6,0
IN1757,Startup_1757,HRTech,Noida,2010,Pre-Seed,2501000,Blume Ventures,Closed,525,0,2,0
IN1758,Startup_1758,HealthTech,Delhi NCR,2011,Series A,21381000,Government Grant,Merged,2953,0,6,0
IN1759,Startup_1759,AgriTech,Mumbai,2016,Series D+,19749000,SAIF Partners,Closed,511,0,5,0
IN1760,Startup_1760,LogisticsTech,Kolkata,2021,Series A,5551000,SoftBank,Closed,3676,0,1,0
IN1761,Startup_1761,EdTech,Pune,2013,Series B,54745000,Sequoia Capital India,Active,431,29134000,10,0
IN1762,Startup_1762,E-Commerce,Ahmedabad,2010,Pre-Seed,2590000,Tiger Global,Closed,1129,0,9,0
IN1763,Startup_1763,AgriTech,Chennai,2016,Bootstrapped,3064000,Blume Ventures,Active,194,1692000,7,0
IN1764,Startup_1764,LogisticsTech,Jaipur,2011,Pre-Seed,235000,SoftBank,Closed,4775,0,8,0
IN1765,Startup_1765,FinTech,Chennai,2021,Seed,44490000,500 Startups,Closed,1346,0,2,0
IN1766,Startup_1766,E-Commerce,Delhi NCR,2018,Pre-Seed,8197000,Nexus Venture,Acquired,2178,0,5,0
IN1767,Startup_1767,AgriTech,Jaipur,2016,Series A,30191000,Nexus Venture,Acquired,2742,0,2,0
IN1768,Startup_1768,AgriTech,Pune,2016,Seed,18121000,Blume Ventures,Closed,4944,0,6,0
IN1769,Startup_1769,TravelTech,Kolkata,2013,Series A,17497000,Accel Partners,Active,1686,3501000,10,0
IN1770,Startup_1770,HRTech,Pune,2023,Series B,28643000,Kalaari Capital,Acquired,3801,0,1,0
IN1771,Startup_1771,E-Commerce,Noida,2023,Series C,3010000,Sequoia Capital India,Closed,1774,0,1,0
IN1772,Startup_1772,AgriTech,Hyderabad,2017,Bootstrapped,1837000,Matrix Partners,Closed,4932,0,2,0
IN1773,Startup_1773,FoodTech,Ahmedabad,2018,Series C,33401000,SoftBank,Closed,638,0,5,0
IN1774,Startup_1774,EdTech,Bengaluru,2023,Pre-Seed,6860000,Nexus Venture,Closed,2,0,2,0
IN1775,Startup_1775,FoodTech,Kolkata,2021,Series A,18497000,Bootstrapped,Active,1564,14394000,2,0
IN1776,Startup_1776,AgriTech,Mumbai,2014,Bootstrapped,1197000,Sequoia Capital India,Closed,985,0,5,0
IN1777,Startup_1777,HealthTech,Pune,2017,Series B,57413000,Bootstrapped,Closed,250,0,4,0
IN1778,Startup_1778,HealthTech,Bengaluru,2011,Seed,41135000,500 Startups,Closed,4751,0,12,0
IN1779,Startup_1779,TravelTech,Pune,2014,Pre-Seed,2164000,Angel Network,Closed,1257,0,4,0
IN1780,Startup_1780,EdTech,Kolkata,2020,Bootstrapped,3989000,Y Combinator,Active,3817,1433000,3,0
IN1781,Startup_1781,FinTech,Noida,2010,Seed,105227000,Angel Network,Merged,2308,0,12,0
IN1782,Startup_1782,FoodTech,Hyderabad,2022,Series C,13707000,Y Combinator,Active,1542,3099000,1,0
IN1783,Startup_1783,FoodTech,Bengaluru,2020,Pre-Seed,4179000,Matrix Partners,Acquired,4580,0,3,0
IN1784,Startup_1784,FoodTech,Hyderabad,2021,Pre-Seed,456000,Kalaari Capital,Closed,3739,0,2,0
IN1785,Startup_1785,TravelTech,Delhi NCR,2015,Series D+,24380000,Kalaari Capital,Closed,2842,0,7,0
IN1786,Startup_1786,HealthTech,Noida,2016,Series D+,31465000,Nexus Venture,Closed,1211,0,7,0
IN1787,Startup_1787,FoodTech,Jaipur,2016,Series D+,4459000,Nexus Venture,Merged,1129,0,3,0
IN1788,Startup_1788,AgriTech,Ahmedabad,2017,Series A,13804000,500 Startups,Acquired,1190,0,5,0
IN1789,Startup_1789,AgriTech,Jaipur,2020,Series A,22990000,Y Combinator,Acquired,1688,0,3,0
IN1790,Startup_1790,LogisticsTech,Mumbai,2023,Bootstrapped,5943000,SAIF Partners,Acquired,345,0,1,0
IN1791,Startup_1791,HRTech,Bengaluru,2014,Series A,23972000,Government Grant,Closed,2745,0,8,0
IN1792,Startup_1792,EdTech,Chennai,2021,Series D+,31718000,Bootstrapped,Closed,3219,0,1,0
IN1793,Startup_1793,HRTech,Chennai,2021,Bootstrapped,3458000,SoftBank,Closed,3718,0,1,0
IN1794,Startup_1794,E-Commerce,Bengaluru,2022,Seed,100776000,Angel Network,Closed,2513,0,1,0
IN1795,Startup_1795,LogisticsTech,Pune,2023,Series B,5976000,Y Combinator,Closed,1566,0,1,0
IN1796,Startup_1796,FinTech,Bengaluru,2014,Seed,99405000,Bootstrapped,Closed,586,0,2,0
IN1797,Startup_1797,SaaS,Ahmedabad,2011,Bootstrapped,4636000,Sequoia Capital India,Merged,4897,0,5,0
IN1798,Startup_1798,AgriTech,Kolkata,2015,Series B,24808000,500 Startups,Closed,3921,0,1,0
IN1799,Startup_1799,FoodTech,Bengaluru,2017,Series D+,12901000,Blume Ventures,Closed,3145,0,5,0
IN1800,Startup_1800,EdTech,Kolkata,2021,Series D+,54851000,Sequoia Capital India,Merged,3114,0,1,0
IN1801,Startup_1801,FoodTech,Mumbai,2017,Series C,4286000,Angel Network,Closed,772,0,4,0
IN1802,Startup_1802,LogisticsTech,Chennai,2013,Grant,1873000,Government Grant,Active,3698,398000,10,0
IN1803,Startup_1803,LogisticsTech,Mumbai,2010,Series A,40580000,Sequoia Capital India,Closed,4149,0,8,0
IN1804,Startup_1804,EdTech,Jaipur,2012,Grant,4529000,Government Grant,Closed,4390,0,11,0
IN1805,Startup_1805,FinTech,Pune,2019,Seed,59186000,500 Startups,Closed,3702,0,3,0
IN1806,Startup_1806,HealthTech,Bengaluru,2014,Series D+,61907000,Y Combinator,Closed,631,0,4,0
IN1807,Startup_1807,FoodTech,Ahmedabad,2013,Pre-Seed,3726000,Bootstrapped,Closed,1448,0,7,0
IN1808,Startup_1808,FinTech,Pune,2012,Series B,82122000,Y Combinator,Closed,4043,0,4,0
IN1809,Startup_1809,FoodTech,Mumbai,2011,Series A,37057000,Elevation Capital,Closed,4612,0,1,0
IN1810,Startup_1810,FoodTech,Ahmedabad,2015,Bootstrapped,2633000,Angel Network,Active,3019,1385000,8,0
IN1811,Startup_1811,EdTech,Kolkata,2017,Pre-Seed,4467000,Matrix Partners,Closed,550,0,1,0
IN1812,Startup_1812,EdTech,Pune,2020,Series D+,40668000,SoftBank,Closed,1128,0,1,0
IN1813,Startup_1813,FinTech,Delhi NCR,2011,Series A,53809000,SAIF Partners,Closed,3060,0,9,0
IN1814,Startup_1814,SaaS,Ahmedabad,2011,Series A,8242000,Sequoia Capital India,Closed,1904,0,4,0
IN1815,Startup_1815,HealthTech,Pune,2012,Bootstrapped,568000,Government Grant,Active,101,76000,11,0
IN1816,Startup_1816,SaaS,Noida,2018,Pre-Seed,5683000,Kalaari Capital,Closed,1998,0,4,0
IN1817,Startup_1817,E-Commerce,Hyderabad,2020,Grant,2387000,Tiger Global,Closed,3179,0,3,0
IN1818,Startup_1818,TravelTech,Mumbai,2012,Series A,6629000,Government Grant,Acquired,559,0,8,0
IN1819,Startup_1819,TravelTech,Mumbai,2019,Series A,33928000,Y Combinator,Closed,2965,0,2,0
IN1820,Startup_1820,SaaS,Kolkata,2010,Bootstrapped,2254000,Matrix Partners,Active,228,438000,13,0
IN1821,Startup_1821,AgriTech,Kolkata,2017,Series B,5180000,Elevation Capital,Closed,4176,0,4,0
IN1822,Startup_1822,HealthTech,Hyderabad,2019,Series C,7032000,Elevation Capital,Closed,255,0,4,0
IN1823,Startup_1823,EdTech,Jaipur,2011,Series A,3388000,Nexus Venture,Closed,3223,0,5,0
IN1824,Startup_1824,FoodTech,Chennai,2014,Series D+,42791000,Blume Ventures,Acquired,4191,0,8,0
IN1825,Startup_1825,LogisticsTech,Noida,2021,Series A,5641000,Blume Ventures,Closed,2807,0,1,0
IN1826,Startup_1826,SaaS,Pune,2014,Series C,16065000,500 Startups,Closed,2657,0,4,0
IN1827,Startup_1827,HRTech,Hyderabad,2015,Series C,11791000,Bootstrapped,Closed,3373,0,5,0
IN1828,Startup_1828,SaaS,Noida,2016,Series B,62355000,Tiger Global,Closed,2418,0,2,0
IN1829,Startup_1829,AgriTech,Jaipur,2018,Series D+,18561000,SAIF Partners,Closed,1422,0,1,0
IN1830,Startup_1830,SaaS,Hyderabad,2013,Series D+,45376000,Blume Ventures,Closed,3073,0,4,0
IN1831,Startup_1831,LogisticsTech,Ahmedabad,2021,Series C,27653000,Kalaari Capital,Acquired,1200,0,2,0
IN1832,Startup_1832,HRTech,Mumbai,2014,Seed,28478000,Matrix Partners,Merged,28,0,2,0
IN1833,Startup_1833,E-Commerce,Pune,2017,Grant,6075000,Y Combinator,Acquired,2271,0,5,0
IN1834,Startup_1834,HRTech,Kolkata,2013,Series C,15027000,Blume Ventures,Active,4878,1969000,10,0
IN1835,Startup_1835,LogisticsTech,Kolkata,2015,Seed,7550000,Government Grant,Closed,448,0,1,0
IN1836,Startup_1836,EdTech,Pune,2011,Series C,7852000,Angel Network,Closed,3469,0,4,0
IN1837,Startup_1837,FinTech,Noida,2010,Pre-Seed,11723000,Angel Network,Active,2272,3085000,13,0
IN1838,Startup_1838,E-Commerce,Hyderabad,2013,Series C,39149000,SoftBank,Acquired,1244,0,1,0
IN1839,Startup_1839,TravelTech,Noida,2015,Series B,43491000,Matrix Partners,Closed,1666,0,1,0
IN1840,Startup_1840,HealthTech,Mumbai,2019,Series C,11473000,SoftBank,Acquired,3331,0,2,0
IN1841,Startup_1841,E-Commerce,Ahmedabad,2019,Series A,100972000,Nexus Venture,Acquired,881,0,1,0
IN1842,Startup_1842,E-Commerce,Pune,2016,Bootstrapped,2585000,Y Combinator,Closed,673,0,4,0
IN1843,Startup_1843,FoodTech,Ahmedabad,2012,Bootstrapped,3757000,Sequoia Capital India,Acquired,4436,0,5,0
IN1844,Startup_1844,E-Commerce,Ahmedabad,2016,Series D+,55094000,Elevation Capital,Closed,3179,0,7,0
IN1845,Startup_1845,FoodTech,Noida,2013,Series D+,4006000,Y Combinator,Closed,3095,0,3,0
IN1846,Startup_1846,LogisticsTech,Hyderabad,2013,Series D+,16594000,Angel Network,Closed,2383,0,4,0
IN1847,Startup_1847,LogisticsTech,Noida,2017,Pre-Seed,3389000,Bootstrapped,Closed,531,0,4,0
IN1848,Startup_1848,FinTech,Kolkata,2019,Series D+,2949000,Matrix Partners,Closed,3650,0,4,0
IN1849,Startup_1849,EdTech,Kolkata,2014,Series D+,29454000,Nexus Venture,Closed,3922,0,3,0
IN1850,Startup_1850,HealthTech,Hyderabad,2023,Series B,88131000,Kalaari Capital,Acquired,395,0,1,0
IN1851,Startup_1851,EdTech,Delhi NCR,2011,Pre-Seed,4212000,Nexus Venture,Closed,3713,0,3,0
IN1852,Startup_1852,SaaS,Delhi NCR,2023,Bootstrapped,6413000,SoftBank,Closed,3356,0,2,0
IN1853,Startup_1853,HealthTech,Jaipur,2011,Series B,55999000,Elevation Capital,Acquired,1443,0,5,0
IN1854,Startup_1854,TravelTech,Ahmedabad,2016,Series A,36367000,SoftBank,Closed,4938,0,6,0
IN1855,Startup_1855,EdTech,Mumbai,2022,Seed,62695000,SAIF Partners,Closed,1018,0,2,0
IN1856,Startup_1856,TravelTech,Chennai,2021,Series A,41954000,SoftBank,Closed,73,0,2,0
IN1857,Startup_1857,HealthTech,Pune,2018,Pre-Seed,8057000,Matrix Partners,Closed,1107,0,2,0
IN1858,Startup_1858,FinTech,Ahmedabad,2012,Series A,73272000,Kalaari Capital,Closed,4703,0,5,0
IN1859,Startup_1859,FoodTech,Hyderabad,2017,Series A,35714000,Tiger Global,Closed,4966,0,1,0
IN1860,Startup_1860,EdTech,Kolkata,2012,Pre-Seed,4241000,Blume Ventures,Closed,3237,0,9,0
IN1861,Startup_1861,TravelTech,Kolkata,2018,Grant,4245000,Kalaari Capital,Merged,4962,0,5,0
IN1862,Startup_1862,LogisticsTech,Pune,2018,Bootstrapped,5150000,Tiger Global,Closed,300,0,2,0
IN1863,Startup_1863,EdTech,Noida,2015,Series C,72352000,Matrix Partners,Closed,3081,0,5,0
IN1864,Startup_1864,AgriTech,Bengaluru,2015,Grant,74000,Matrix Partners,Closed,1207,0,8,0
IN1865,Startup_1865,HRTech,Delhi NCR,2020,Series C,5067000,500 Startups,Closed,1862,0,2,0
IN1866,Startup_1866,SaaS,Ahmedabad,2016,Grant,2610000,SoftBank,Closed,3797,0,2,0
IN1867,Startup_1867,LogisticsTech,Bengaluru,2013,Series A,55380000,Nexus Venture,Acquired,3066,0,1,0
IN1868,Startup_1868,AgriTech,Ahmedabad,2016,Bootstrapped,1183000,Y Combinator,Active,4200,549000,7,0
IN1869,Startup_1869,FinTech,Ahmedabad,2011,Series D+,37586000,SAIF Partners,Closed,1361,0,1,0
IN1870,Startup_1870,EdTech,Delhi NCR,2021,Series C,40859000,Bootstrapped,Active,4270,13420000,2,0
IN1871,Startup_1871,FoodTech,Kolkata,2015,Grant,1643000,Kalaari Capital,Closed,419,0,2,0
IN1872,Startup_1872,FoodTech,Ahmedabad,2016,Pre-Seed,2747000,Angel Network,Closed,4641,0,5,0
IN1873,Startup_1873,EdTech,Delhi NCR,2023,Bootstrapped,5720000,Angel Network,Closed,2190,0,1,0
IN1874,Startup_1874,HealthTech,Hyderabad,2011,Bootstrapped,2006000,Sequoia Capital India,Closed,2483,0,1,0
IN1875,Startup_1875,HealthTech,Hyderabad,2016,Series B,74385000,Tiger Global,Closed,3499,0,5,0
IN1876,Startup_1876,HRTech,Pune,2013,Pre-Seed,580000,Sequoia Capital India,Merged,2177,0,8,0
IN1877,Startup_1877,EdTech,Hyderabad,2017,Series A,39580000,Accel Partners,Acquired,3767,0,3,0
IN1878,Startup_1878,HRTech,Chennai,2023,Grant,911000,SAIF Partners,Merged,4490,0,2,0
IN1879,Startup_1879,AgriTech,Jaipur,2012,Series C,31154000,SoftBank,Acquired,1855,0,1,0
IN1880,Startup_1880,LogisticsTech,Ahmedabad,2014,Series D+,18174000,Angel Network,Merged,3317,0,1,0
IN1881,Startup_1881,HRTech,Pune,2022,Series C,5264000,SoftBank,Active,1795,3740000,1,0
IN1882,Startup_1882,E-Commerce,Ahmedabad,2012,Seed,55840000,Matrix Partners,Closed,3277,0,7,0
IN1883,Startup_1883,HRTech,Chennai,2014,Seed,21845000,500 Startups,Closed,545,0,6,0
IN1884,Startup_1884,FinTech,Kolkata,2016,Bootstrapped,5704000,Sequoia Capital India,Closed,2736,0,3,0
IN1885,Startup_1885,EdTech,Pune,2013,Grant,3945000,Matrix Partners,Acquired,4822,0,4,0
IN1886,Startup_1886,LogisticsTech,Kolkata,2023,Series B,36712000,Tiger Global,Closed,2755,0,1,0
IN1887,Startup_1887,HRTech,Chennai,2019,Bootstrapped,361000,Accel Partners,Acquired,71,0,2,0
IN1888,Startup_1888,TravelTech,Kolkata,2017,Seed,35732000,Angel Network,Acquired,1246,0,1,0
IN1889,Startup_1889,FinTech,Ahmedabad,2012,Pre-Seed,11805000,Kalaari Capital,Closed,2928,0,11,0
IN1890,Startup_1890,HRTech,Mumbai,2010,Series A,11622000,Sequoia Capital India,Acquired,4776,0,2,0
IN1891,Startup_1891,FinTech,Noida,2010,Series B,107698000,Y Combinator,Closed,4019,0,2,0
IN1892,Startup_1892,SaaS,Noida,2014,Seed,20018000,Accel Partners,Acquired,3789,0,5,0
IN1893,Startup_1893,HealthTech,Jaipur,2011,Grant,6211000,Sequoia Capital India,Closed,3224,0,6,0
IN1894,Startup_1894,HealthTech,Ahmedabad,2022,Grant,4595000,Nexus Venture,Closed,3287,0,2,0
IN1895,Startup_1895,E-Commerce,Pune,2020,Series D+,50957000,Angel Network,Closed,1273,0,1,0
IN1896,Startup_1896,EdTech,Bengaluru,2019,Seed,79858000,Tiger Global,Closed,1225,0,1,0
IN1897,Startup_1897,SaaS,Chennai,2021,Series D+,50347000,Matrix Partners,Closed,3359,0,1,0
IN1898,Startup_1898,TravelTech,Noida,2014,Series B,29563000,Kalaari Capital,Acquired,1284,0,7,0
IN1899,Startup_1899,E-Commerce,Chennai,2011,Pre-Seed,9390000,Nexus Venture,Active,3193,1783000,12,0
IN1900,Startup_1900,FoodTech,Ahmedabad,2020,Bootstrapped,4315000,Blume Ventures,Closed,1090,0,2,0
IN1901,Startup_1901,LogisticsTech,Chennai,2022,Series A,47036000,Nexus Venture,Active,3408,5640000,1,0
IN1902,Startup_1902,AgriTech,Delhi NCR,2010,Series A,24196000,Nexus Venture,Closed,1658,0,12,0
IN1903,Startup_1903,HealthTech,Kolkata,2010,Pre-Seed,6411000,Government Grant,Closed,3057,0,6,0
IN1904,Startup_1904,FinTech,Mumbai,2017,Series B,40236000,Bootstrapped,Closed,4138,0,3,0
IN1905,Startup_1905,TravelTech,Kolkata,2018,Series B,42747000,Government Grant,Closed,324,0,4,0
IN1906,Startup_1906,HRTech,Jaipur,2014,Grant,1171000,Matrix Partners,Active,4829,609000,9,0
IN1907,Startup_1907,EdTech,Ahmedabad,2023,Bootstrapped,7315000,Elevation Capital,Acquired,4686,0,1,0
IN1908,Startup_1908,AgriTech,Noida,2013,Grant,3567000,Y Combinator,Closed,319,0,4,0
IN1909,Startup_1909,HRTech,Pune,2016,Series C,8100000,SoftBank,Active,3682,1857000,7,0
IN1910,Startup_1910,FinTech,Kolkata,2010,Seed,33199000,Y Combinator,Acquired,4479,0,7,0
IN1911,Startup_1911,FinTech,Jaipur,2023,Series C,79766000,Blume Ventures,Closed,4754,0,1,0
IN1912,Startup_1912,TravelTech,Jaipur,2014,Seed,41661000,Matrix Partners,Acquired,4595,0,6,0
IN1913,Startup_1913,HealthTech,Jaipur,2020,Series B,38826000,Kalaari Capital,Active,2013,29505000,3,0
IN1914,Startup_1914,FinTech,Mumbai,2012,Series C,35432000,Nexus Venture,Closed,3406,0,3,0
IN1915,Startup_1915,LogisticsTech,Hyderabad,2021,Series A,45953000,Nexus Venture,Closed,2537,0,1,0
IN1916,Startup_1916,EdTech,Delhi NCR,2023,Seed,466000,SoftBank,Acquired,542,0,2,0
IN1917,Startup_1917,HealthTech,Mumbai,2022,Grant,4519000,Y Combinator,Closed,4381,0,2,0
IN1918,Startup_1918,TravelTech,Mumbai,2017,Series C,16096000,Accel Partners,Closed,2895,0,2,0
IN1919,Startup_1919,LogisticsTech,Hyderabad,2018,Series C,54673000,Elevation Capital,Closed,709,0,1,0
IN1920,Startup_1920,HealthTech,Delhi NCR,2015,Series A,62151000,SoftBank,Closed,3923,0,6,0
IN1921,Startup_1921,FinTech,Chennai,2023,Bootstrapped,5217000,Government Grant,Closed,4199,0,2,0
IN1922,Startup_1922,E-Commerce,Delhi NCR,2013,Grant,8235000,Accel Partners,Closed,1859,0,8,0
IN1923,Startup_1923,TravelTech,Ahmedabad,2016,Series D+,9040000,Sequoia Capital India,Closed,300,0,4,0
IN1924,Startup_1924,E-Commerce,Bengaluru,2019,Series D+,73238000,Kalaari Capital,Active,2776,26487000,4,0
IN1925,Startup_1925,FinTech,Chennai,2023,Grant,10124000,Elevation Capital,Active,4266,4769000,0,0
IN1926,Startup_1926,EdTech,Noida,2012,Grant,7969000,Angel Network,Closed,2793,0,2,0
IN1927,Startup_1927,HRTech,Bengaluru,2022,Series D+,18844000,Matrix Partners,Closed,2405,0,1,0
IN1928,Startup_1928,EdTech,Bengaluru,2014,Series A,65292000,Tiger Global,Closed,2301,0,6,0
IN1929,Startup_1929,LogisticsTech,Mumbai,2018,Series D+,18641000,Nexus Venture,Active,3335,1250000,5,0
IN1930,Startup_1930,SaaS,Chennai,2012,Seed,65209000,Elevation Capital,Acquired,4913,0,2,0
IN1931,Startup_1931,AgriTech,Mumbai,2011,Series C,12801000,Accel Partners,Closed,1498,0,10,0
IN1932,Startup_1932,E-Commerce,Noida,2022,Seed,30706000,Y Combinator,Closed,4509,0,1,0
IN1933,Startup_1933,TravelTech,Noida,2023,Series C,29640000,Accel Partners,Acquired,3308,0,1,0
IN1934,Startup_1934,SaaS,Kolkata,2011,Series D+,3786000,Accel Partners,Closed,774,0,10,0
IN1935,Startup_1935,FinTech,Mumbai,2017,Pre-Seed,4366000,SAIF Partners,Closed,877,0,3,0
IN1936,Startup_1936,HealthTech,Noida,2018,Series B,15404000,Bootstrapped,Active,4663,8865000,5,0
IN1937,Startup_1937,EdTech,Bengaluru,2017,Series B,10308000,Angel Network,Closed,4177,0,2,0
IN1938,Startup_1938,LogisticsTech,Bengaluru,2020,Series C,43845000,Y Combinator,Closed,1538,0,2,0
IN1939,Startup_1939,TravelTech,Hyderabad,2010,Bootstrapped,3004000,SoftBank,Closed,4325,0,5,0
IN1940,Startup_1940,AgriTech,Delhi NCR,2016,Bootstrapped,1158000,SoftBank,Acquired,1023,0,6,0
IN1941,Startup_1941,LogisticsTech,Pune,2020,Grant,705000,Elevation Capital,Active,1568,430000,3,0
IN1942,Startup_1942,HealthTech,Noida,2012,Seed,22616000,Angel Network,Merged,331,0,4,0
IN1943,Startup_1943,E-Commerce,Bengaluru,2021,Seed,14973000,SoftBank,Closed,2267,0,1,0
IN1944,Startup_1944,HRTech,Bengaluru,2020,Series B,29066000,Sequoia Capital India,Closed,3388,0,1,0
IN1945,Startup_1945,AgriTech,Hyderabad,2017,Series A,25954000,Accel Partners,Closed,3022,0,3,0
IN1946,Startup_1946,LogisticsTech,Kolkata,2020,Series C,12253000,Bootstrapped,Closed,1197,0,1,0
IN1947,Startup_1947,LogisticsTech,Chennai,2013,Series B,56959000,Matrix Partners,Closed,402,0,5,0
IN1948,Startup_1948,FinTech,Kolkata,2017,Series A,106728000,Sequoia Capital India,Active,3760,47303000,6,1
IN1949,Startup_1949,E-Commerce,Kolkata,2011,Series C,31014000,Matrix Partners,Closed,114,0,8,0
IN1950,Startup_1950,TravelTech,Mumbai,2019,Grant,2903000,Blume Ventures,Closed,1647,0,3,0
IN1951,Startup_1951,FoodTech,Kolkata,2014,Series A,21991000,Tiger Global,Closed,142,0,4,0
IN1952,Startup_1952,FoodTech,Kolkata,2013,Series A,36104000,SAIF Partners,Active,2089,20487000,10,0
IN1953,Startup_1953,SaaS,Jaipur,2022,Series C,1568000,Elevation Capital,Closed,879,0,1,0
IN1954,Startup_1954,SaaS,Pune,2022,Series B,46841000,SAIF Partners,Closed,4707,0,1,0
IN1955,Startup_1955,FoodTech,Jaipur,2010,Series A,16470000,Angel Network,Merged,4539,0,7,0
IN1956,Startup_1956,HRTech,Chennai,2010,Grant,388000,Nexus Venture,Closed,3482,0,5,0
IN1957,Startup_1957,SaaS,Noida,2013,Bootstrapped,6725000,Elevation Capital,Closed,4622,0,6,0
IN1958,Startup_1958,EdTech,Kolkata,2017,Series B,26112000,Y Combinator,Acquired,2755,0,3,0
IN1959,Startup_1959,FoodTech,Hyderabad,2018,Series D+,21627000,SAIF Partners,Closed,136,0,1,0
IN1960,Startup_1960,EdTech,Noida,2012,Series B,3701000,Blume Ventures,Closed,3380,0,9,0
IN1961,Startup_1961,EdTech,Mumbai,2020,Grant,1781000,SoftBank,Closed,1791,0,2,0
IN1962,Startup_1962,EdTech,Bengaluru,2014,Pre-Seed,3285000,Nexus Venture,Acquired,4824,0,8,0
IN1963,Startup_1963,E-Commerce,Mumbai,2015,Series B,10649000,Nexus Venture,Closed,4903,0,4,0
IN1964,Startup_1964,FinTech,Ahmedabad,2021,Series C,79047000,Angel Network,Closed,54,0,2,0
IN1965,Startup_1965,E-Commerce,Kolkata,2015,Seed,64284000,500 Startups,Active,4717,16602000,8,0
IN1966,Startup_1966,LogisticsTech,Chennai,2015,Grant,1002000,Angel Network,Closed,800,0,1,0
IN1967,Startup_1967,SaaS,Hyderabad,2012,Series A,3308000,Tiger Global,Closed,1606,0,4,0
IN1968,Startup_1968,E-Commerce,Delhi NCR,2014,Grant,4966000,Elevation Capital,Active,1103,366000,9,0
IN1969,Startup_1969,E-Commerce,Chennai,2020,Series C,47728000,Angel Network,Acquired,520,0,1,0
IN1970,Startup_1970,FoodTech,Kolkata,2010,Series A,26722000,Bootstrapped,Closed,3445,0,2,0
IN1971,Startup_1971,EdTech,Delhi NCR,2013,Seed,8853000,SoftBank,Closed,1363,0,5,0
IN1972,Startup_1972,TravelTech,Jaipur,2020,Series D+,7167000,Elevation Capital,Acquired,4367,0,3,0
IN1973,Startup_1973,HRTech,Hyderabad,2017,Bootstrapped,2930000,Blume Ventures,Closed,2289,0,3,0
IN1974,Startup_1974,SaaS,Noida,2013,Pre-Seed,2079000,Government Grant,Closed,4388,0,8,0
IN1975,Startup_1975,EdTech,Noida,2011,Series A,18533000,Angel Network,Acquired,4372,0,2,0
IN1976,Startup_1976,TravelTech,Ahmedabad,2016,Series A,8173000,500 Startups,Active,1900,5306000,7,0
IN1977,Startup_1977,E-Commerce,Bengaluru,2018,Seed,60930000,Kalaari Capital,Closed,4303,0,5,0
IN1978,Startup_1978,EdTech,Pune,2014,Series D+,66283000,Sequoia Capital India,Closed,3505,0,8,0
IN1979,Startup_1979,E-Commerce,Delhi NCR,2022,Series B,10196000,Tiger Global,Closed,3625,0,1,0
IN1980,Startup_1980,LogisticsTech,Jaipur,2011,Series D+,40944000,Y Combinator,Closed,2768,0,1,0
IN1981,Startup_1981,FinTech,Bengaluru,2022,Pre-Seed,8306000,Y Combinator,Closed,250,0,1,0
IN1982,Startup_1982,AgriTech,Delhi NCR,2022,Seed,7698000,Government Grant,Active,806,2919000,1,0
IN1983,Startup_1983,TravelTech,Chennai,2010,Pre-Seed,4448000,Kalaari Capital,Closed,3107,0,11,0
IN1984,Startup_1984,EdTech,Jaipur,2020,Series C,21012000,Accel Partners,Closed,4472,0,1,0
IN1985,Startup_1985,HRTech,Noida,2018,Grant,1833000,Government Grant,Closed,629,0,2,0
IN1986,Startup_1986,HealthTech,Pune,2018,Pre-Seed,4236000,SAIF Partners,Closed,3562,0,4,0
IN1987,Startup_1987,FinTech,Bengaluru,2019,Pre-Seed,3172000,SoftBank,Active,3097,980000,4,0
IN1988,Startup_1988,AgriTech,Mumbai,2015,Series C,16267000,Elevation Capital,Closed,1009,0,4,0
IN1989,Startup_1989,LogisticsTech,Delhi NCR,2022,Series C,59442000,Kalaari Capital,Closed,403,0,2,0
IN1990,Startup_1990,SaaS,Delhi NCR,2022,Bootstrapped,3874000,Sequoia Capital India,Closed,3850,0,1,0
IN1991,Startup_1991,LogisticsTech,Hyderabad,2013,Bootstrapped,3693000,Blume Ventures,Closed,2910,0,1,0
IN1992,Startup_1992,HRTech,Jaipur,2012,Series A,9447000,Sequoia Capital India,Active,1004,6603000,11,0
IN1993,Startup_1993,SaaS,Jaipur,2011,Pre-Seed,5137000,Y Combinator,Closed,1455,0,9,0
IN1994,Startup_1994,FoodTech,Ahmedabad,2013,Series B,38228000,SAIF Partners,Closed,527,0,7,0
IN1995,Startup_1995,SaaS,Hyderabad,2012,Seed,28096000,Bootstrapped,Closed,2419,0,3,0
IN1996,Startup_1996,TravelTech,Noida,2020,Series C,7221000,SoftBank,Closed,3440,0,3,0
IN1997,Startup_1997,HealthTech,Chennai,2021,Bootstrapped,2807000,Government Grant,Closed,2065,0,1,0
IN1998,Startup_1998,FoodTech,Bengaluru,2023,Bootstrapped,4911000,Matrix Partners,Closed,1285,0,2,0
IN1999,Startup_1999,AgriTech,Pune,2023,Pre-Seed,3157000,Angel Network,Closed,3025,0,2,0
IN2000,Startup_2000,TravelTech,Delhi NCR,2014,Series B,41023000,Sequoia Capital India,Merged,695,0,8,0
IN2001,Startup_2001,LogisticsTech,Pune,2016,Series C,30876000,Y Combinator,Acquired,4346,0,5,0
IN2002,Startup_2002,FinTech,Hyderabad,2021,Seed,66953000,SAIF Partners,Closed,4251,0,1,0
IN2003,Startup_2003,SaaS,Chennai,2021,Series A,58248000,Sequoia Capital India,Closed,2786,0,1,0
IN2004,Startup_2004,SaaS,Bengaluru,2023,Series C,64167000,SoftBank,Closed,2910,0,1,0
IN2005,Startup_2005,TravelTech,Pune,2019,Series D+,5586000,Angel Network,Acquired,1819,0,2,0
IN2006,Startup_2006,EdTech,Mumbai,2011,Grant,5776000,Government Grant,Closed,1015,0,9,0
IN2007,Startup_2007,FinTech,Noida,2013,Series B,75889000,SoftBank,Closed,4037,0,4,0
IN2008,Startup_2008,HealthTech,Kolkata,2020,Series D+,3817000,Matrix Partners,Merged,286,0,3,0
IN2009,Startup_2009,EdTech,Mumbai,2022,Grant,2633000,Matrix Partners,Closed,782,0,2,0
IN2010,Startup_2010,TravelTech,Kolkata,2022,Pre-Seed,840000,Y Combinator,Active,219,670000,1,0
IN2011,Startup_2011,FinTech,Noida,2011,Series D+,13886000,Tiger Global,Closed,4894,0,9,0
IN2012,Startup_2012,FinTech,Hyderabad,2021,Bootstrapped,7660000,Blume Ventures,Closed,2163,0,2,0
IN2013,Startup_2013,HRTech,Mumbai,2021,Bootstrapped,3089000,Bootstrapped,Acquired,1752,0,2,0
IN2014,Startup_2014,AgriTech,Noida,2022,Series D+,2412000,Nexus Venture,Closed,4947,0,1,0
IN2015,Startup_2015,EdTech,Jaipur,2020,Series C,23521000,SoftBank,Active,3254,10524000,3,0
IN2016,Startup_2016,AgriTech,Bengaluru,2019,Series A,16350000,Tiger Global,Closed,1293,0,2,0
IN2017,Startup_2017,HRTech,Noida,2018,Series A,15850000,Kalaari Capital,Active,2768,5765000,5,0
IN2018,Startup_2018,EdTech,Pune,2010,Series C,42981000,Angel Network,Closed,353,0,6,0
IN2019,Startup_2019,FinTech,Chennai,2013,Grant,5173000,Government Grant,Acquired,381,0,9,0
IN2020,Startup_2020,EdTech,Mumbai,2021,Series A,67754000,Sequoia Capital India,Closed,1582,0,1,0
IN2021,Startup_2021,TravelTech,Hyderabad,2015,Bootstrapped,2737000,Y Combinator,Closed,225,0,7,0
IN2022,Startup_2022,HealthTech,Ahmedabad,2011,Series D+,19393000,Tiger Global,Merged,1792,0,5,0
IN2023,Startup_2023,AgriTech,Chennai,2010,Bootstrapped,742000,Elevation Capital,Closed,893,0,8,0
IN2024,Startup_2024,FoodTech,Kolkata,2022,Series A,49198000,Y Combinator,Closed,2162,0,2,0
IN2025,Startup_2025,FinTech,Mumbai,2013,Series C,1093000,SAIF Partners,Acquired,3667,0,4,0
IN2026,Startup_2026,AgriTech,Pune,2013,Grant,3652000,Angel Network,Acquired,4332,0,3,0
IN2027,Startup_2027,LogisticsTech,Bengaluru,2013,Series B,36948000,Accel Partners,Closed,439,0,2,0
IN2028,Startup_2028,AgriTech,Ahmedabad,2021,Pre-Seed,200000,Kalaari Capital,Closed,4626,0,1,0
IN2029,Startup_2029,SaaS,Pune,2019,Series A,50068000,Blume Ventures,Acquired,2092,0,2,0
IN2030,Startup_2030,LogisticsTech,Noida,2021,Bootstrapped,3445000,Matrix Partners,Closed,2430,0,2,0
IN2031,Startup_2031,EdTech,Jaipur,2014,Series A,29421000,Matrix Partners,Closed,4661,0,4,0
IN2032,Startup_2032,HealthTech,Chennai,2019,Seed,69575000,500 Startups,Closed,2538,0,2,0
IN2033,Startup_2033,HealthTech,Hyderabad,2011,Series A,72695000,SoftBank,Acquired,2413,0,3,0
IN2034,Startup_2034,LogisticsTech,Kolkata,2019,Pre-Seed,4204000,SAIF Partners,Closed,3876,0,2,0
IN2035,Startup_2035,LogisticsTech,Mumbai,2017,Bootstrapped,202000,Blume Ventures,Merged,1426,0,6,0
IN2036,Startup_2036,E-Commerce,Pune,2018,Series B,24556000,Bootstrapped,Closed,4936,0,3,0
IN2037,Startup_2037,E-Commerce,Jaipur,2012,Pre-Seed,10791000,Y Combinator,Acquired,27,0,6,0
IN2038,Startup_2038,LogisticsTech,Mumbai,2012,Bootstrapped,3304000,Y Combinator,Closed,1208,0,7,0
IN2039,Startup_2039,HRTech,Chennai,2018,Series A,9385000,Government Grant,Closed,4512,0,4,0
IN2040,Startup_2040,HRTech,Kolkata,2015,Bootstrapped,3233000,SoftBank,Closed,124,0,8,0
IN2041,Startup_2041,LogisticsTech,Mumbai,2020,Series A,48473000,Kalaari Capital,Closed,4683,0,2,0
IN2042,Startup_2042,EdTech,Pune,2023,Series B,32014000,Tiger Global,Closed,1973,0,2,0
IN2043,Startup_2043,TravelTech,Pune,2020,Pre-Seed,3748000,Tiger Global,Acquired,3921,0,1,0
IN2044,Startup_2044,FinTech,Bengaluru,2020,Bootstrapped,10893000,Matrix Partners,Closed,514,0,1,0
IN2045,Startup_2045,EdTech,Kolkata,2018,Series B,53532000,Y Combinator,Active,2745,35742000,5,0
IN2046,Startup_2046,FinTech,Bengaluru,2011,Bootstrapped,7364000,Nexus Venture,Closed,658,0,5,0
IN2047,Startup_2047,HRTech,Mumbai,2023,Series D+,14332000,Tiger Global,Active,4276,2822000,0,0
IN2048,Startup_2048,HRTech,Ahmedabad,2020,Bootstrapped,186000,Kalaari Capital,Closed,1808,0,3,0
IN2049,Startup_2049,SaaS,Pune,2010,Grant,4198000,Matrix Partners,Closed,1331,0,1,0
IN2050,Startup_2050,FoodTech,Delhi NCR,2021,Bootstrapped,2067000,Tiger Global,Closed,4886,0,1,0
IN2051,Startup_2051,AgriTech,Bengaluru,2018,Seed,19735000,Bootstrapped,Closed,3886,0,4,0
IN2052,Startup_2052,FinTech,Delhi NCR,2019,Seed,31994000,Matrix Partners,Closed,4294,0,3,0
IN2053,Startup_2053,EdTech,Hyderabad,2013,Series B,7317000,Tiger Global,Closed,2575,0,6,0
IN2054,Startup_2054,HealthTech,Hyderabad,2015,Bootstrapped,4916000,Accel Partners,Active,3805,285000,8,0
IN2055,Startup_2055,HealthTech,Mumbai,2011,Series A,10402000,Government Grant,Active,3458,2377000,12,0
IN2056,Startup_2056,TravelTech,Chennai,2012,Grant,2585000,Kalaari Capital,Closed,3082,0,2,0
IN2057,Startup_2057,E-Commerce,Hyderabad,2017,Seed,60153000,Nexus Venture,Acquired,2169,0,5,0
IN2058,Startup_2058,FinTech,Delhi NCR,2023,Series D+,103763000,Nexus Venture,Active,4182,8535000,0,1
IN2059,Startup_2059,EdTech,Kolkata,2014,Series C,19073000,SoftBank,Merged,2051,0,2,0
IN2060,Startup_2060,LogisticsTech,Ahmedabad,2018,Seed,54322000,Angel Network,Acquired,4095,0,5,0
IN2061,Startup_2061,HealthTech,Delhi NCR,2011,Pre-Seed,5762000,500 Startups,Acquired,4028,0,10,0
IN2062,Startup_2062,TravelTech,Delhi NCR,2011,Series B,41883000,Matrix Partners,Closed,1407,0,10,0
IN2063,Startup_2063,TravelTech,Chennai,2021,Grant,3094000,Blume Ventures,Closed,1917,0,2,0
IN2064,Startup_2064,E-Commerce,Jaipur,2013,Seed,19823000,Bootstrapped,Acquired,2610,0,7,0
IN2065,Startup_2065,FinTech,Chennai,2013,Grant,324000,Government Grant,Merged,4823,0,9,0
IN2066,Startup_2066,LogisticsTech,Kolkata,2020,Seed,42067000,Matrix Partners,Closed,4069,0,1,0
IN2067,Startup_2067,LogisticsTech,Jaipur,2022,Series A,1125000,Government Grant,Acquired,20,0,2,0
IN2068,Startup_2068,TravelTech,Delhi NCR,2011,Series A,28350000,Kalaari Capital,Closed,1306,0,2,0
IN2069,Startup_2069,LogisticsTech,Chennai,2010,Series D+,26947000,Accel Partners,Closed,2172,0,7,0
IN2070,Startup_2070,HRTech,Delhi NCR,2021,Seed,26976000,Tiger Global,Closed,597,0,1,0
IN2071,Startup_2071,AgriTech,Noida,2016,Grant,3820000,SAIF Partners,Closed,4840,0,5,0
IN2072,Startup_2072,SaaS,Hyderabad,2016,Series C,60785000,Tiger Global,Closed,1041,0,1,0
IN2073,Startup_2073,AgriTech,Bengaluru,2019,Series B,21737000,Angel Network,Closed,4902,0,3,0
IN2074,Startup_2074,TravelTech,Pune,2020,Series A,27291000,Y Combinator,Closed,4996,0,3,0
IN2075,Startup_2075,TravelTech,Mumbai,2020,Seed,20389000,SAIF Partners,Closed,4159,0,2,0
IN2076,Startup_2076,FinTech,Ahmedabad,2011,Series D+,28616000,SAIF Partners,Acquired,3292,0,8,0
IN2077,Startup_2077,LogisticsTech,Ahmedabad,2013,Series A,37012000,Nexus Venture,Active,3118,23510000,10,0
IN2078,Startup_2078,HRTech,Mumbai,2021,Grant,1867000,Matrix Partners,Closed,4441,0,1,0
IN2079,Startup_2079,HRTech,Noida,2016,Grant,547000,Y Combinator,Closed,1062,0,3,0
IN2080,Startup_2080,TravelTech,Noida,2013,Grant,181000,Bootstrapped,Merged,4361,0,6,0
IN2081,Startup_2081,TravelTech,Bengaluru,2016,Series A,35679000,Kalaari Capital,Closed,426,0,6,0
IN2082,Startup_2082,SaaS,Bengaluru,2020,Series D+,27402000,Angel Network,Closed,2720,0,3,0
IN2083,Startup_2083,FoodTech,Noida,2010,Pre-Seed,852000,500 Startups,Closed,4440,0,3,0
IN2084,Startup_2084,AgriTech,Chennai,2014,Series C,20991000,Blume Ventures,Closed,4864,0,7,0
IN2085,Startup_2085,E-Commerce,Delhi NCR,2015,Series C,27430000,Tiger Global,Closed,4365,0,5,0
IN2086,Startup_2086,LogisticsTech,Hyderabad,2023,Series B,54111000,Elevation Capital,Closed,846,0,2,0
IN2087,Startup_2087,LogisticsTech,Delhi NCR,2014,Seed,54977000,Tiger Global,Closed,4368,0,6,0
IN2088,Startup_2088,FoodTech,Delhi NCR,2015,Bootstrapped,2884000,Matrix Partners,Closed,4828,0,4,0
IN2089,Startup_2089,E-Commerce,Chennai,2018,Series D+,94705000,SAIF Partners,Active,872,44507000,5,1
IN2090,Startup_2090,LogisticsTech,Chennai,2015,Pre-Seed,2948000,Nexus Venture,Merged,3166,0,6,0
IN2091,Startup_2091,FinTech,Noida,2015,Grant,3483000,Nexus Venture,Closed,1838,0,1,0
IN2092,Startup_2092,E-Commerce,Pune,2020,Seed,98368000,Y Combinator,Acquired,4728,0,1,0
IN2093,Startup_2093,EdTech,Ahmedabad,2019,Grant,1609000,Y Combinator,Closed,2734,0,2,0
IN2094,Startup_2094,SaaS,Bengaluru,2011,Series D+,21634000,Kalaari Capital,Closed,2407,0,8,0
IN2095,Startup_2095,EdTech,Chennai,2023,Series D+,17484000,Tiger Global,Closed,3001,0,1,0
IN2096,Startup_2096,LogisticsTech,Ahmedabad,2021,Seed,25690000,Y Combinator,Closed,2601,0,1,0
IN2097,Startup_2097,FinTech,Noida,2014,Series A,77376000,Accel Partners,Closed,2324,0,2,0
IN2098,Startup_2098,FinTech,Chennai,2012,Grant,6374000,Accel Partners,Closed,4849,0,9,0
IN2099,Startup_2099,FoodTech,Jaipur,2010,Series A,485000,Kalaari Capital,Closed,1065,0,4,0
IN2100,Startup_2100,TravelTech,Jaipur,2018,Series D+,40069000,500 Startups,Closed,2712,0,5,0
IN2101,Startup_2101,LogisticsTech,Kolkata,2010,Series D+,35097000,Matrix Partners,Acquired,3686,0,9,0
IN2102,Startup_2102,FoodTech,Pune,2014,Series A,35349000,SAIF Partners,Closed,2765,0,5,0
IN2103,Startup_2103,TravelTech,Chennai,2021,Bootstrapped,3587000,Kalaari Capital,Merged,2361,0,1,0
IN2104,Startup_2104,TravelTech,Delhi NCR,2014,Seed,36578000,Matrix Partners,Merged,2724,0,1,0
IN2105,Startup_2105,HealthTech,Bengaluru,2010,Pre-Seed,2782000,Bootstrapped,Closed,1882,0,10,0
IN2106,Startup_2106,E-Commerce,Mumbai,2013,Series A,90910000,Y Combinator,Closed,950,0,6,0
IN2107,Startup_2107,AgriTech,Mumbai,2013,Pre-Seed,1927000,SAIF Partners,Closed,1673,0,7,0
IN2108,Startup_2108,TravelTech,Delhi NCR,2020,Seed,12868000,SAIF Partners,Closed,4301,0,3,0
IN2109,Startup_2109,LogisticsTech,Kolkata,2019,Grant,5779000,Angel Network,Closed,1821,0,4,0
IN2110,Startup_2110,FoodTech,Ahmedabad,2021,Series C,7613000,Sequoia Capital India,Closed,1064,0,2,0
IN2111,Startup_2111,TravelTech,Delhi NCR,2015,Series C,43145000,SAIF Partners,Closed,1791,0,3,0
IN2112,Startup_2112,TravelTech,Mumbai,2021,Series A,2925000,SoftBank,Closed,4971,0,1,0
IN2113,Startup_2113,FinTech,Pune,2019,Seed,88726000,500 Startups,Active,738,39012000,4,1
IN2114,Startup_2114,LogisticsTech,Pune,2017,Series A,33254000,Kalaari Capital,Closed,200,0,5,0
IN2115,Startup_2115,HealthTech,Ahmedabad,2016,Seed,16172000,Tiger Global,Closed,2869,0,4,0
IN2116,Startup_2116,FoodTech,Chennai,2014,Series D+,13392000,Tiger Global,Closed,3106,0,3,0
IN2117,Startup_2117,HRTech,Bengaluru,2015,Series A,17931000,Government Grant,Closed,3717,0,7,0
IN2118,Startup_2118,TravelTech,Hyderabad,2021,Seed,24767000,Tiger Global,Closed,3602,0,1,0
IN2119,Startup_2119,FoodTech,Delhi NCR,2011,Grant,1004000,Government Grant,Closed,1781,0,10,0
IN2120,Startup_2120,HRTech,Delhi NCR,2023,Pre-Seed,612000,Elevation Capital,Closed,4645,0,1,0
IN2121,Startup_2121,LogisticsTech,Delhi NCR,2011,Bootstrapped,3950000,Elevation Capital,Acquired,619,0,11,0
IN2122,Startup_2122,SaaS,Hyderabad,2018,Series A,11784000,Bootstrapped,Closed,2981,0,2,0
IN2123,Startup_2123,HRTech,Jaipur,2013,Series D+,10851000,Matrix Partners,Closed,1002,0,8,0
IN2124,Startup_2124,FoodTech,Ahmedabad,2013,Series A,14599000,Sequoia Capital India,Acquired,4679,0,6,0
IN2125,Startup_2125,SaaS,Pune,2019,Grant,5079000,Tiger Global,Closed,3662,0,4,0
IN2126,Startup_2126,FinTech,Delhi NCR,2019,Series A,19870000,Kalaari Capital,Closed,2021,0,4,0
IN2127,Startup_2127,TravelTech,Ahmedabad,2021,Seed,31886000,Y Combinator,Closed,2679,0,1,0
IN2128,Startup_2128,HRTech,Jaipur,2018,Series B,1080000,Bootstrapped,Closed,809,0,2,0
IN2129,Startup_2129,AgriTech,Kolkata,2021,Pre-Seed,701000,500 Startups,Closed,366,0,2,0
IN2130,Startup_2130,TravelTech,Ahmedabad,2019,Grant,2282000,Elevation Capital,Closed,3593,0,3,0
IN2131,Startup_2131,E-Commerce,Chennai,2020,Series D+,70262000,Matrix Partners,Closed,500,0,1,0
IN2132,Startup_2132,E-Commerce,Bengaluru,2014,Series C,42908000,Accel Partners,Closed,4693,0,6,0
IN2133,Startup_2133,EdTech,Ahmedabad,2011,Series D+,13208000,SoftBank,Acquired,4675,0,2,0
IN2134,Startup_2134,FinTech,Delhi NCR,2020,Series A,87707000,Elevation Capital,Closed,2854,0,3,0
IN2135,Startup_2135,FinTech,Mumbai,2014,Series B,78624000,Angel Network,Closed,4191,0,4,0
IN2136,Startup_2136,FinTech,Noida,2023,Series B,69398000,Blume Ventures,Acquired,679,0,1,0
IN2137,Startup_2137,HRTech,Ahmedabad,2011,Seed,1790000,Tiger Global,Closed,1245,0,2,0
IN2138,Startup_2138,E-Commerce,Delhi NCR,2011,Grant,8289000,Tiger Global,Closed,440,0,2,0
IN2139,Startup_2139,HRTech,Mumbai,2011,Seed,3747000,500 Startups,Closed,1482,0,1,0
IN2140,Startup_2140,EdTech,Noida,2021,Pre-Seed,5790000,Bootstrapped,Closed,4336,0,2,0
IN2141,Startup_2141,E-Commerce,Hyderabad,2019,Series B,63078000,Matrix Partners,Active,3117,19112000,4,0
IN2142,Startup_2142,TravelTech,Bengaluru,2020,Series A,39472000,Government Grant,Closed,2471,0,3,0
IN2143,Startup_2143,EdTech,Delhi NCR,2022,Series C,7390000,Sequoia Capital India,Closed,4576,0,2,0
IN2144,Startup_2144,TravelTech,Delhi NCR,2015,Pre-Seed,1477000,Tiger Global,Closed,1231,0,5,0
IN2145,Startup_2145,LogisticsTech,Delhi NCR,2010,Series B,22130000,Kalaari Capital,Closed,3119,0,13,0
IN2146,Startup_2146,EdTech,Bengaluru,2022,Series B,45596000,Kalaari Capital,Closed,1052,0,2,0
IN2147,Startup_2147,FinTech,Mumbai,2013,Grant,3342000,Matrix Partners,Closed,2943,0,9,0
IN2148,Startup_2148,AgriTech,Jaipur,2015,Bootstrapped,3697000,SoftBank,Closed,223,0,5,0
IN2149,Startup_2149,EdTech,Delhi NCR,2010,Series A,74429000,Matrix Partners,Merged,1010,0,6,0
IN2150,Startup_2150,HRTech,Delhi NCR,2017,Series B,9800000,Tiger Global,Closed,4909,0,5,0
IN2151,Startup_2151,FinTech,Ahmedabad,2021,Seed,103505000,Sequoia Capital India,Closed,3379,0,1,0
IN2152,Startup_2152,HealthTech,Delhi NCR,2023,Series C,85080000,Accel Partners,Closed,2806,0,2,0
IN2153,Startup_2153,SaaS,Delhi NCR,2023,Pre-Seed,4977000,Nexus Venture,Closed,267,0,1,0
IN2154,Startup_2154,FinTech,Mumbai,2010,Series D+,48962000,Blume Ventures,Acquired,4625,0,13,0
IN2155,Startup_2155,FoodTech,Chennai,2016,Series C,18639000,Elevation Capital,Closed,2853,0,3,0
IN2156,Startup_2156,SaaS,Kolkata,2023,Series A,17702000,Y Combinator,Merged,873,0,1,0
IN2157,Startup_2157,SaaS,Ahmedabad,2016,Pre-Seed,3891000,Government Grant,Active,972,2521000,7,0
IN2158,Startup_2158,TravelTech,Mumbai,2010,Series B,41025000,Government Grant,Active,3381,19092000,13,0
IN2159,Startup_2159,EdTech,Ahmedabad,2016,Series C,7380000,Tiger Global,Closed,3473,0,5,0
IN2160,Startup_2160,FinTech,Jaipur,2010,Seed,80588000,Blume Ventures,Acquired,881,0,3,0
IN2161,Startup_2161,HRTech,Bengaluru,2023,Seed,24680000,Blume Ventures,Merged,693,0,1,0
IN2162,Startup_2162,TravelTech,Bengaluru,2016,Grant,252000,Angel Network,Active,1879,75000,7,0
IN2163,Startup_2163,FinTech,Pune,2015,Series C,24340000,Matrix Partners,Closed,1435,0,2,0
IN2164,Startup_2164,E-Commerce,Bengaluru,2010,Bootstrapped,5867000,SAIF Partners,Closed,2912,0,8,0
IN2165,Startup_2165,LogisticsTech,Kolkata,2019,Series C,12433000,SAIF Partners,Closed,46,0,3,0
IN2166,Startup_2166,E-Commerce,Hyderabad,2019,Bootstrapped,8916000,Blume Ventures,Closed,2084,0,4,0
IN2167,Startup_2167,LogisticsTech,Kolkata,2023,Series A,35192000,SAIF Partners,Active,1972,23685000,0,0
IN2168,Startup_2168,FoodTech,Bengaluru,2010,Pre-Seed,2024000,Matrix Partners,Merged,822,0,5,0
IN2169,Startup_2169,AgriTech,Noida,2010,Seed,2118000,Elevation Capital,Closed,3980,0,11,0
IN2170,Startup_2170,FoodTech,Mumbai,2014,Pre-Seed,3281000,Elevation Capital,Active,1934,1502000,9,0
IN2171,Startup_2171,TravelTech,Mumbai,2023,Series C,14246000,Bootstrapped,Closed,540,0,2,0
IN2172,Startup_2172,HealthTech,Bengaluru,2014,Pre-Seed,2700000,Y Combinator,Acquired,4900,0,8,0
IN2173,Startup_2173,LogisticsTech,Noida,2018,Grant,3895000,SoftBank,Closed,3796,0,5,0
IN2174,Startup_2174,FoodTech,Mumbai,2023,Bootstrapped,2789000,Nexus Venture,Closed,838,0,2,0
IN2175,Startup_2175,LogisticsTech,Mumbai,2012,Series B,57162000,Blume Ventures,Closed,3933,0,10,0
IN2176,Startup_2176,SaaS,Hyderabad,2013,Series A,30667000,SoftBank,Closed,4224,0,10,0
IN2177,Startup_2177,HRTech,Pune,2019,Seed,15668000,Sequoia Capital India,Merged,550,0,3,0
IN2178,Startup_2178,HealthTech,Kolkata,2023,Series A,42214000,SAIF Partners,Active,3776,28066000,0,0
IN2179,Startup_2179,TravelTech,Delhi NCR,2011,Seed,37862000,Bootstrapped,Closed,226,0,11,0
IN2180,Startup_2180,SaaS,Mumbai,2023,Seed,47952000,Government Grant,Closed,4684,0,2,0
IN2181,Startup_2181,HealthTech,Mumbai,2011,Grant,6587000,SAIF Partners,Merged,4127,0,11,0
IN2182,Startup_2182,HRTech,Pune,2020,Pre-Seed,2981000,SAIF Partners,Acquired,3270,0,2,0
IN2183,Startup_2183,SaaS,Jaipur,2012,Series A,31673000,500 Startups,Closed,2918,0,9,0
IN2184,Startup_2184,TravelTech,Hyderabad,2019,Grant,1688000,500 Startups,Merged,96,0,2,0
IN2185,Startup_2185,FinTech,Bengaluru,2014,Pre-Seed,3876000,Bootstrapped,Closed,769,0,3,0
IN2186,Startup_2186,E-Commerce,Kolkata,2019,Seed,44594000,Government Grant,Closed,690,0,2,0
IN2187,Startup_2187,TravelTech,Ahmedabad,2020,Series C,27036000,Matrix Partners,Closed,4586,0,3,0
IN2188,Startup_2188,HealthTech,Ahmedabad,2021,Bootstrapped,8992000,500 Startups,Closed,3910,0,1,0
IN2189,Startup_2189,SaaS,Bengaluru,2019,Series D+,8386000,500 Startups,Closed,726,0,4,0
IN2190,Startup_2190,EdTech,Chennai,2016,Pre-Seed,4424000,SoftBank,Closed,1452,0,4,0
IN2191,Startup_2191,SaaS,Jaipur,2018,Series B,26510000,Accel Partners,Closed,3772,0,5,0
IN2192,Startup_2192,LogisticsTech,Delhi NCR,2014,Pre-Seed,5559000,Angel Network,Acquired,2320,0,7,0
IN2193,Startup_2193,LogisticsTech,Jaipur,2013,Series C,25873000,Nexus Venture,Acquired,3713,0,9,0
IN2194,Startup_2194,SaaS,Delhi NCR,2011,Grant,3932000,Accel Partners,Active,3163,616000,12,0
IN2195,Startup_2195,AgriTech,Noida,2022,Series B,16325000,SAIF Partners,Acquired,4480,0,1,0
IN2196,Startup_2196,FinTech,Jaipur,2019,Series B,48316000,Angel Network,Closed,4112,0,2,0
IN2197,Startup_2197,HRTech,Bengaluru,2016,Series A,13892000,Tiger Global,Merged,4320,0,4,0
IN2198,Startup_2198,HRTech,Noida,2011,Bootstrapped,2917000,Accel Partners,Active,2458,307000,12,0
IN2199,Startup_2199,EdTech,Noida,2022,Series B,60488000,Elevation Capital,Closed,1339,0,1,0
IN2200,Startup_2200,LogisticsTech,Mumbai,2013,Series B,24576000,Sequoia Capital India,Closed,2801,0,3,0
IN2201,Startup_2201,E-Commerce,Bengaluru,2014,Series D+,10746000,Kalaari Capital,Closed,181,0,3,0
IN2202,Startup_2202,AgriTech,Pune,2022,Series C,10561000,Elevation Capital,Closed,799,0,2,0
IN2203,Startup_2203,AgriTech,Bengaluru,2023,Series B,11017000,Government Grant,Closed,4648,0,2,0
IN2204,Startup_2204,LogisticsTech,Mumbai,2017,Grant,5590000,Accel Partners,Acquired,4227,0,2,0
IN2205,Startup_2205,SaaS,Noida,2018,Pre-Seed,6696000,Angel Network,Closed,25,0,4,0
IN2206,Startup_2206,FoodTech,Jaipur,2012,Seed,22226000,Matrix Partners,Closed,4237,0,2,0
IN2207,Startup_2207,E-Commerce,Chennai,2019,Series A,69074000,Nexus Venture,Acquired,4474,0,4,0
IN2208,Startup_2208,HRTech,Jaipur,2019,Series B,20404000,Angel Network,Closed,4503,0,4,0
IN2209,Startup_2209,SaaS,Jaipur,2016,Series C,60691000,Kalaari Capital,Closed,2789,0,5,0
IN2210,Startup_2210,SaaS,Chennai,2022,Pre-Seed,4302000,Angel Network,Active,4909,2408000,1,0
IN2211,Startup_2211,FinTech,Ahmedabad,2015,Series B,46088000,Angel Network,Closed,366,0,6,0
IN2212,Startup_2212,EdTech,Mumbai,2017,Seed,58310000,SoftBank,Closed,4884,0,5,0
IN2213,Startup_2213,TravelTech,Kolkata,2013,Bootstrapped,1854000,Angel Network,Closed,1032,0,2,0
IN2214,Startup_2214,TravelTech,Noida,2014,Series D+,2606000,Blume Ventures,Closed,64,0,1,0
IN2215,Startup_2215,FinTech,Noida,2020,Series C,36196000,Elevation Capital,Acquired,2051,0,1,0
IN2216,Startup_2216,FinTech,Pune,2016,Bootstrapped,3324000,500 Startups,Closed,4562,0,5,0
IN2217,Startup_2217,LogisticsTech,Kolkata,2017,Bootstrapped,4739000,Nexus Venture,Active,1327,288000,6,0
IN2218,Startup_2218,SaaS,Chennai,2016,Series D+,31100000,SAIF Partners,Closed,241,0,5,0
IN2219,Startup_2219,FoodTech,Pune,2022,Series D+,9736000,SAIF Partners,Merged,4987,0,1,0
IN2220,Startup_2220,LogisticsTech,Delhi NCR,2013,Series D+,24385000,Matrix Partners,Closed,1073,0,3,0
IN2221,Startup_2221,LogisticsTech,Chennai,2021,Series C,23910000,Kalaari Capital,Active,4947,12103000,2,0
IN2222,Startup_2222,E-Commerce,Bengaluru,2010,Bootstrapped,2087000,Tiger Global,Closed,1248,0,5,0
IN2223,Startup_2223,HealthTech,Ahmedabad,2016,Grant,4281000,Matrix Partners,Closed,1102,0,7,0
IN2224,Startup_2224,AgriTech,Noida,2011,Bootstrapped,326000,Nexus Venture,Active,820,39000,12,0
IN2225,Startup_2225,TravelTech,Pune,2018,Bootstrapped,38000,500 Startups,Merged,4399,0,1,0
IN2226,Startup_2226,EdTech,Ahmedabad,2019,Bootstrapped,3966000,SAIF Partners,Closed,1049,0,2,0
IN2227,Startup_2227,EdTech,Delhi NCR,2019,Series D+,62890000,Sequoia Capital India,Closed,2240,0,4,0
IN2228,Startup_2228,HealthTech,Kolkata,2022,Series C,57582000,Matrix Partners,Acquired,625,0,1,0
IN2229,Startup_2229,EdTech,Delhi NCR,2010,Series B,18459000,Government Grant,Closed,3923,0,6,0
IN2230,Startup_2230,E-Commerce,Kolkata,2015,Bootstrapped,5874000,Blume Ventures,Acquired,4541,0,6,0
IN2231,Startup_2231,HealthTech,Chennai,2014,Series A,11370000,SAIF Partners,Closed,1907,0,9,0
IN2232,Startup_2232,AgriTech,Pune,2015,Series C,27065000,Matrix Partners,Active,2086,7555000,8,0
IN2233,Startup_2233,AgriTech,Pune,2020,Grant,591000,SoftBank,Closed,630,0,1,0
IN2234,Startup_2234,HealthTech,Hyderabad,2012,Grant,4849000,Government Grant,Closed,4026,0,11,0
IN2235,Startup_2235,HRTech,Mumbai,2017,Grant,1400000,SoftBank,Acquired,1991,0,6,0
IN2236,Startup_2236,SaaS,Delhi NCR,2017,Series A,60753000,SAIF Partners,Active,4416,20330000,6,0
IN2237,Startup_2237,HealthTech,Mumbai,2017,Series D+,59058000,Sequoia Capital India,Closed,553,0,5,0
IN2238,Startup_2238,LogisticsTech,Hyderabad,2023,Pre-Seed,4294000,SoftBank,Closed,273,0,2,0
IN2239,Startup_2239,HRTech,Hyderabad,2015,Series A,31293000,Kalaari Capital,Closed,1882,0,5,0
IN2240,Startup_2240,FinTech,Bengaluru,2023,Seed,85961000,Matrix Partners,Closed,3610,0,2,0
IN2241,Startup_2241,TravelTech,Pune,2018,Seed,15606000,Tiger Global,Acquired,2286,0,3,0
IN2242,Startup_2242,SaaS,Chennai,2014,Series C,57836000,SoftBank,Closed,4385,0,6,0
IN2243,Startup_2243,EdTech,Ahmedabad,2019,Series B,62785000,Accel Partners,Closed,129,0,3,0
IN2244,Startup_2244,E-Commerce,Noida,2011,Series A,105654000,SAIF Partners,Closed,2094,0,9,0
IN2245,Startup_2245,LogisticsTech,Noida,2019,Bootstrapped,3176000,Government Grant,Merged,1271,0,1,0
IN2246,Startup_2246,SaaS,Chennai,2017,Series A,7460000,Y Combinator,Acquired,3683,0,6,0
IN2247,Startup_2247,HealthTech,Pune,2016,Series B,8332000,Angel Network,Active,4902,3794000,7,0
IN2248,Startup_2248,LogisticsTech,Pune,2012,Series C,12383000,SAIF Partners,Closed,1856,0,10,0
IN2249,Startup_2249,FoodTech,Delhi NCR,2018,Series B,39649000,Tiger Global,Closed,925,0,5,0
IN2250,Startup_2250,FoodTech,Bengaluru,2016,Series A,28394000,Tiger Global,Merged,4237,0,7,0
IN2251,Startup_2251,TravelTech,Bengaluru,2021,Series B,5539000,Y Combinator,Closed,960,0,1,0
IN2252,Startup_2252,HealthTech,Hyderabad,2012,Pre-Seed,6234000,Matrix Partners,Active,3781,2341000,11,0
IN2253,Startup_2253,EdTech,Bengaluru,2010,Grant,991000,SAIF Partners,Closed,686,0,5,0
IN2254,Startup_2254,E-Commerce,Chennai,2016,Seed,100933000,SoftBank,Closed,4532,0,3,0
IN2255,Startup_2255,AgriTech,Hyderabad,2020,Seed,30229000,Government Grant,Closed,3955,0,2,0
IN2256,Startup_2256,LogisticsTech,Jaipur,2020,Series A,18698000,Y Combinator,Closed,4824,0,2,0
IN2257,Startup_2257,EdTech,Bengaluru,2010,Series B,79568000,Blume Ventures,Closed,3313,0,3,0
IN2258,Startup_2258,FinTech,Chennai,2023,Series C,114323000,Elevation Capital,Merged,3108,0,2,0
IN2259,Startup_2259,EdTech,Chennai,2010,Pre-Seed,7780000,Bootstrapped,Closed,3196,0,7,0
IN2260,Startup_2260,SaaS,Mumbai,2011,Pre-Seed,2760000,Kalaari Capital,Acquired,2452,0,2,0
IN2261,Startup_2261,EdTech,Hyderabad,2014,Pre-Seed,4342000,Accel Partners,Acquired,3269,0,5,0
IN2262,Startup_2262,HRTech,Ahmedabad,2010,Pre-Seed,1970000,SoftBank,Closed,3523,0,7,0
IN2263,Startup_2263,TravelTech,Hyderabad,2014,Series A,32680000,Elevation Capital,Closed,3321,0,3,0
IN2264,Startup_2264,LogisticsTech,Noida,2017,Pre-Seed,3249000,SAIF Partners,Closed,4552,0,5,0
IN2265,Startup_2265,HRTech,Mumbai,2017,Grant,264000,Sequoia Capital India,Closed,3041,0,5,0
IN2266,Startup_2266,LogisticsTech,Delhi NCR,2015,Grant,3425000,500 Startups,Acquired,3090,0,1,0
IN2267,Startup_2267,HRTech,Hyderabad,2012,Pre-Seed,473000,500 Startups,Merged,2938,0,8,0
IN2268,Startup_2268,TravelTech,Noida,2018,Series A,13692000,Accel Partners,Closed,4534,0,1,0
IN2269,Startup_2269,HRTech,Chennai,2012,Seed,12706000,SAIF Partners,Closed,2577,0,2,0
IN2270,Startup_2270,FoodTech,Ahmedabad,2017,Series C,33598000,Tiger Global,Closed,4001,0,3,0
IN2271,Startup_2271,LogisticsTech,Noida,2012,Seed,40444000,Y Combinator,Active,4519,6410000,11,0
IN2272,Startup_2272,EdTech,Noida,2021,Bootstrapped,3497000,Tiger Global,Merged,1334,0,1,0
IN2273,Startup_2273,HRTech,Ahmedabad,2015,Seed,28410000,500 Startups,Closed,2167,0,6,0
IN2274,Startup_2274,SaaS,Delhi NCR,2011,Series D+,26193000,Y Combinator,Closed,373,0,6,0
IN2275,Startup_2275,LogisticsTech,Jaipur,2012,Pre-Seed,866000,Y Combinator,Acquired,3009,0,8,0
IN2276,Startup_2276,FinTech,Noida,2010,Pre-Seed,4822000,500 Startups,Active,2805,1724000,13,0
IN2277,Startup_2277,FinTech,Ahmedabad,2012,Series B,33774000,Y Combinator,Acquired,3852,0,3,0
IN2278,Startup_2278,TravelTech,Delhi NCR,2018,Series D+,39858000,Nexus Venture,Acquired,43,0,1,0
IN2279,Startup_2279,EdTech,Ahmedabad,2018,Series A,21093000,Blume Ventures,Closed,1971,0,1,0
IN2280,Startup_2280,HealthTech,Kolkata,2011,Bootstrapped,4894000,500 Startups,Merged,3058,0,1,0
IN2281,Startup_2281,FoodTech,Mumbai,2010,Series D+,32128000,Government Grant,Merged,485,0,2,0
IN2282,Startup_2282,EdTech,Noida,2015,Pre-Seed,6754000,500 Startups,Closed,896,0,2,0
IN2283,Startup_2283,AgriTech,Delhi NCR,2016,Seed,1840000,Kalaari Capital,Closed,1864,0,7,0
IN2284,Startup_2284,FoodTech,Bengaluru,2023,Series A,1786000,Accel Partners,Closed,3526,0,2,0
IN2285,Startup_2285,FinTech,Bengaluru,2017,Series C,99682000,Bootstrapped,Acquired,711,0,5,0
IN2286,Startup_2286,HRTech,Pune,2018,Series D+,8022000,Bootstrapped,Closed,1155,0,5,0
IN2287,Startup_2287,TravelTech,Ahmedabad,2016,Series B,18604000,Tiger Global,Acquired,4877,0,3,0
IN2288,Startup_2288,SaaS,Ahmedabad,2022,Seed,51329000,Elevation Capital,Closed,4218,0,1,0
IN2289,Startup_2289,FoodTech,Hyderabad,2022,Series C,4270000,500 Startups,Acquired,581,0,1,0
IN2290,Startup_2290,SaaS,Chennai,2010,Series A,39369000,Elevation Capital,Closed,3305,0,4,0
IN2291,Startup_2291,HealthTech,Mumbai,2017,Series C,79384000,Government Grant,Closed,2950,0,4,0
IN2292,Startup_2292,SaaS,Jaipur,2022,Series B,64300000,Matrix Partners,Closed,4343,0,1,0
IN2293,Startup_2293,LogisticsTech,Pune,2018,Bootstrapped,2587000,SoftBank,Active,4821,1193000,5,0
IN2294,Startup_2294,SaaS,Pune,2018,Series B,67742000,Kalaari Capital,Closed,1868,0,4,0
IN2295,Startup_2295,SaaS,Kolkata,2012,Pre-Seed,386000,Y Combinator,Closed,3641,0,5,0
IN2296,Startup_2296,FinTech,Kolkata,2015,Grant,4262000,Kalaari Capital,Closed,3254,0,3,0
IN2297,Startup_2297,E-Commerce,Noida,2012,Pre-Seed,5968000,Kalaari Capital,Closed,2660,0,2,0
IN2298,Startup_2298,FinTech,Ahmedabad,2020,Series C,80097000,Elevation Capital,Closed,835,0,1,0
IN2299,Startup_2299,EdTech,Mumbai,2011,Grant,7532000,Accel Partners,Closed,4925,0,11,0
IN2300,Startup_2300,FinTech,Delhi NCR,2015,Series C,53700000,Matrix Partners,Closed,444,0,3,0
IN2301,Startup_2301,HealthTech,Bengaluru,2016,Series D+,28567000,500 Startups,Acquired,2197,0,6,0
IN2302,Startup_2302,EdTech,Delhi NCR,2010,Seed,14743000,500 Startups,Closed,2572,0,13,0
IN2303,Startup_2303,HRTech,Chennai,2023,Pre-Seed,3011000,Government Grant,Active,417,329000,0,0
IN2304,Startup_2304,EdTech,Chennai,2013,Series A,27893000,Government Grant,Acquired,4820,0,5,0
IN2305,Startup_2305,FoodTech,Noida,2015,Pre-Seed,234000,Y Combinator,Closed,4035,0,2,0
IN2306,Startup_2306,FoodTech,Hyderabad,2023,Series A,27605000,500 Startups,Closed,2900,0,2,0
IN2307,Startup_2307,FinTech,Hyderabad,2020,Seed,117917000,Nexus Venture,Active,1773,91666000,3,1
IN2308,Startup_2308,FinTech,Hyderabad,2021,Seed,42111000,Sequoia Capital India,Active,1759,15636000,2,0
IN2309,Startup_2309,TravelTech,Noida,2021,Series C,24470000,Bootstrapped,Active,770,18758000,2,0
IN2310,Startup_2310,AgriTech,Noida,2019,Series A,14431000,Government Grant,Merged,1997,0,3,0
IN2311,Startup_2311,HRTech,Chennai,2012,Pre-Seed,257000,Sequoia Capital India,Closed,3340,0,8,0
IN2312,Startup_2312,HRTech,Noida,2010,Pre-Seed,1505000,500 Startups,Closed,4487,0,1,0
IN2313,Startup_2313,EdTech,Jaipur,2016,Grant,372000,Angel Network,Closed,1981,0,4,0
IN2314,Startup_2314,TravelTech,Pune,2021,Series A,43043000,Bootstrapped,Closed,1589,0,2,0
IN2315,Startup_2315,SaaS,Noida,2021,Series D+,1583000,Matrix Partners,Acquired,4022,0,2,0
IN2316,Startup_2316,LogisticsTech,Delhi NCR,2015,Series D+,9809000,Kalaari Capital,Active,92,1027000,8,0
IN2317,Startup_2317,E-Commerce,Kolkata,2015,Series C,43271000,Nexus Venture,Closed,868,0,8,0
IN2318,Startup_2318,TravelTech,Pune,2012,Pre-Seed,2980000,Elevation Capital,Closed,1226,0,4,0
IN2319,Startup_2319,E-Commerce,Pune,2015,Seed,81200000,Sequoia Capital India,Active,4682,6486000,8,1
IN2320,Startup_2320,LogisticsTech,Bengaluru,2015,Series B,45905000,SAIF Partners,Active,4554,33747000,8,0
IN2321,Startup_2321,TravelTech,Pune,2013,Pre-Seed,4064000,Accel Partners,Closed,3147,0,7,0
IN2322,Startup_2322,FoodTech,Hyderabad,2022,Series A,474000,500 Startups,Closed,2742,0,2,0
IN2323,Startup_2323,AgriTech,Noida,2018,Grant,2267000,Tiger Global,Closed,720,0,2,0
IN2324,Startup_2324,HRTech,Noida,2022,Bootstrapped,1389000,SoftBank,Closed,1970,0,2,0
IN2325,Startup_2325,HealthTech,Bengaluru,2021,Series A,32029000,Tiger Global,Closed,638,0,2,0
IN2326,Startup_2326,FoodTech,Ahmedabad,2010,Series A,22329000,Accel Partners,Active,2822,15215000,13,0
IN2327,Startup_2327,E-Commerce,Jaipur,2010,Series A,77166000,Tiger Global,Closed,812,0,11,0
IN2328,Startup_2328,HRTech,Delhi NCR,2011,Series D+,18403000,Accel Partners,Acquired,4280,0,10,0
IN2329,Startup_2329,FoodTech,Bengaluru,2020,Series D+,21772000,Government Grant,Closed,920,0,3,0
IN2330,Startup_2330,LogisticsTech,Hyderabad,2018,Series D+,33126000,Angel Network,Closed,4823,0,3,0
IN2331,Startup_2331,HRTech,Ahmedabad,2021,Grant,2421000,Matrix Partners,Closed,4556,0,1,0
IN2332,Startup_2332,FinTech,Chennai,2013,Grant,9709000,Elevation Capital,Closed,1771,0,2,0
IN2333,Startup_2333,TravelTech,Kolkata,2019,Series A,26227000,500 Startups,Closed,1414,0,3,0
IN2334,Startup_2334,AgriTech,Pune,2023,Pre-Seed,3982000,Tiger Global,Closed,1379,0,2,0
IN2335,Startup_2335,HealthTech,Bengaluru,2010,Series A,55469000,SAIF Partners,Closed,1046,0,11,0
IN2336,Startup_2336,E-Commerce,Delhi NCR,2020,Series A,10119000,Nexus Venture,Active,3993,8000000,3,0
IN2337,Startup_2337,E-Commerce,Delhi NCR,2021,Seed,107144000,Kalaari Capital,Active,4731,53768000,2,1
IN2338,Startup_2338,E-Commerce,Bengaluru,2020,Series A,80933000,Tiger Global,Closed,297,0,3,0
IN2339,Startup_2339,E-Commerce,Bengaluru,2014,Series A,14780000,Angel Network,Closed,3597,0,8,0
IN2340,Startup_2340,AgriTech,Delhi NCR,2021,Seed,28742000,Sequoia Capital India,Closed,1072,0,1,0
IN2341,Startup_2341,LogisticsTech,Chennai,2010,Bootstrapped,1198000,Bootstrapped,Closed,472,0,6,0
IN2342,Startup_2342,HRTech,Hyderabad,2023,Grant,1252000,500 Startups,Closed,4790,0,1,0
IN2343,Startup_2343,HRTech,Jaipur,2013,Series A,23964000,Bootstrapped,Closed,1328,0,10,0
IN2344,Startup_2344,EdTech,Kolkata,2020,Seed,30374000,Elevation Capital,Closed,336,0,1,0
IN2345,Startup_2345,HRTech,Jaipur,2013,Seed,1118000,SoftBank,Merged,4435,0,5,0
IN2346,Startup_2346,EdTech,Noida,2016,Bootstrapped,4549000,Government Grant,Closed,1665,0,1,0
IN2347,Startup_2347,LogisticsTech,Ahmedabad,2010,Pre-Seed,3352000,Kalaari Capital,Closed,3423,0,7,0
IN2348,Startup_2348,FoodTech,Bengaluru,2016,Series B,46504000,Accel Partners,Closed,4674,0,5,0
IN2349,Startup_2349,LogisticsTech,Chennai,2015,Pre-Seed,1736000,Government Grant,Closed,2088,0,5,0
IN2350,Startup_2350,FinTech,Ahmedabad,2016,Bootstrapped,8234000,Elevation Capital,Merged,1546,0,6,0
IN2351,Startup_2351,E-Commerce,Noida,2016,Series D+,71336000,Matrix Partners,Active,1372,27836000,7,0
IN2352,Startup_2352,HealthTech,Delhi NCR,2016,Series A,75112000,Accel Partners,Closed,2422,0,2,0
IN2353,Startup_2353,SaaS,Hyderabad,2022,Bootstrapped,6439000,Angel Network,Closed,2816,0,2,0
IN2354,Startup_2354,SaaS,Delhi NCR,2011,Pre-Seed,3459000,Elevation Capital,Closed,805,0,12,0
IN2355,Startup_2355,HRTech,Kolkata,2012,Series B,31770000,Angel Network,Closed,695,0,11,0
IN2356,Startup_2356,HRTech,Noida,2020,Bootstrapped,712000,Kalaari Capital,Closed,1963,0,1,0
IN2357,Startup_2357,SaaS,Ahmedabad,2012,Series D+,25622000,SoftBank,Closed,1844,0,4,0
IN2358,Startup_2358,SaaS,Hyderabad,2023,Pre-Seed,1698000,Accel Partners,Acquired,2998,0,2,0
IN2359,Startup_2359,LogisticsTech,Bengaluru,2015,Series C,28121000,Angel Network,Closed,3200,0,5,0
IN2360,Startup_2360,FoodTech,Chennai,2022,Grant,3565000,Angel Network,Closed,2199,0,2,0
IN2361,Startup_2361,E-Commerce,Chennai,2013,Bootstrapped,5215000,Y Combinator,Closed,2220,0,7,0
IN2362,Startup_2362,LogisticsTech,Noida,2022,Bootstrapped,400000,SoftBank,Merged,2298,0,1,0
IN2363,Startup_2363,EdTech,Delhi NCR,2015,Series C,42932000,500 Startups,Closed,66,0,6,0
IN2364,Startup_2364,HRTech,Pune,2018,Seed,6569000,Matrix Partners,Acquired,4883,0,2,0
IN2365,Startup_2365,AgriTech,Chennai,2019,Bootstrapped,3378000,Tiger Global,Closed,926,0,2,0
IN2366,Startup_2366,FinTech,Ahmedabad,2023,Series C,44469000,Angel Network,Closed,4823,0,1,0
IN2367,Startup_2367,SaaS,Delhi NCR,2016,Seed,20121000,Bootstrapped,Acquired,2171,0,6,0
IN2368,Startup_2368,TravelTech,Noida,2013,Series B,7168000,Matrix Partners,Closed,955,0,5,0
IN2369,Startup_2369,AgriTech,Pune,2013,Pre-Seed,1656000,Bootstrapped,Closed,3753,0,4,0
IN2370,Startup_2370,EdTech,Bengaluru,2010,Seed,42560000,Kalaari Capital,Closed,1370,0,3,0
IN2371,Startup_2371,EdTech,Mumbai,2015,Grant,7462000,Nexus Venture,Active,2609,1248000,8,0
IN2372,Startup_2372,AgriTech,Pune,2021,Series A,36243000,Government Grant,Closed,3775,0,2,0
IN2373,Startup_2373,SaaS,Ahmedabad,2010,Seed,45051000,Tiger Global,Closed,209,0,12,0
IN2374,Startup_2374,TravelTech,Kolkata,2022,Series D+,36934000,SoftBank,Acquired,3645,0,2,0
IN2375,Startup_2375,FoodTech,Delhi NCR,2019,Bootstrapped,1630000,SoftBank,Closed,1599,0,4,0
IN2376,Startup_2376,FinTech,Mumbai,2014,Pre-Seed,607000,Government Grant,Closed,2927,0,3,0
IN2377,Startup_2377,FoodTech,Jaipur,2011,Pre-Seed,1847000,Bootstrapped,Acquired,4254,0,11,0
IN2378,Startup_2378,FinTech,Bengaluru,2010,Series A,82049000,Angel Network,Closed,1050,0,2,0
IN2379,Startup_2379,SaaS,Delhi NCR,2015,Grant,6618000,Accel Partners,Closed,3487,0,1,0
IN2380,Startup_2380,HRTech,Pune,2013,Seed,7695000,Matrix Partners,Closed,4336,0,2,0
IN2381,Startup_2381,FoodTech,Delhi NCR,2010,Series B,18997000,Kalaari Capital,Closed,2877,0,12,0
IN2382,Startup_2382,HealthTech,Jaipur,2022,Bootstrapped,6496000,Elevation Capital,Closed,1529,0,2,0
IN2383,Startup_2383,E-Commerce,Chennai,2012,Series D+,39006000,500 Startups,Merged,1748,0,4,0
IN2384,Startup_2384,HealthTech,Delhi NCR,2012,Grant,5555000,500 Startups,Closed,4279,0,10,0
IN2385,Startup_2385,HRTech,Delhi NCR,2010,Series C,16631000,Angel Network,Closed,1821,0,13,0
IN2386,Startup_2386,AgriTech,Hyderabad,2012,Series B,3576000,Kalaari Capital,Closed,286,0,8,0
IN2387,Startup_2387,LogisticsTech,Mumbai,2010,Grant,1141000,Elevation Capital,Active,4080,731000,13,0
IN2388,Startup_2388,EdTech,Jaipur,2022,Series A,16152000,Sequoia Capital India,Acquired,810,0,1,0
IN2389,Startup_2389,FoodTech,Mumbai,2012,Bootstrapped,3229000,Y Combinator,Active,4537,700000,11,0
IN2390,Startup_2390,TravelTech,Jaipur,2020,Series A,43368000,Blume Ventures,Closed,3563,0,3,0
IN2391,Startup_2391,SaaS,Jaipur,2023,Series C,33572000,Kalaari Capital,Closed,3627,0,2,0
IN2392,Startup_2392,HealthTech,Delhi NCR,2013,Series B,88428000,Tiger Global,Merged,1324,0,9,0
IN2393,Startup_2393,FinTech,Mumbai,2022,Series C,18899000,SAIF Partners,Closed,4639,0,1,0
IN2394,Startup_2394,HealthTech,Delhi NCR,2021,Series D+,34119000,Y Combinator,Closed,2767,0,1,0
IN2395,Startup_2395,AgriTech,Bengaluru,2016,Series B,25454000,Angel Network,Acquired,3924,0,7,0
IN2396,Startup_2396,E-Commerce,Mumbai,2023,Seed,30163000,Bootstrapped,Closed,4030,0,2,0
IN2397,Startup_2397,EdTech,Hyderabad,2010,Grant,1848000,SAIF Partners,Closed,2499,0,13,0
IN2398,Startup_2398,EdTech,Jaipur,2015,Series A,52867000,SoftBank,Active,3158,9563000,8,0
IN2399,Startup_2399,FinTech,Jaipur,2022,Series C,27894000,Y Combinator,Closed,3881,0,2,0
IN2400,Startup_2400,LogisticsTech,Mumbai,2015,Series C,2893000,Kalaari Capital,Closed,2061,0,2,0
IN2401,Startup_2401,HealthTech,Mumbai,2015,Seed,64918000,Accel Partners,Closed,636,0,6,0
IN2402,Startup_2402,AgriTech,Kolkata,2014,Pre-Seed,2685000,Elevation Capital,Closed,3081,0,4,0
IN2403,Startup_2403,HRTech,Chennai,2017,Grant,655000,Blume Ventures,Closed,6,0,2,0
IN2404,Startup_2404,FinTech,Pune,2012,Bootstrapped,8017000,Accel Partners,Merged,4066,0,2,0
IN2405,Startup_2405,HealthTech,Mumbai,2012,Series C,18400000,SoftBank,Active,3524,13422000,11,0
IN2406,Startup_2406,HRTech,Kolkata,2017,Grant,1987000,SAIF Partners,Closed,3889,0,2,0
IN2407,Startup_2407,EdTech,Delhi NCR,2016,Grant,1866000,Government Grant,Acquired,4933,0,7,0
IN2408,Startup_2408,HealthTech,Delhi NCR,2017,Bootstrapped,284000,Kalaari Capital,Closed,4726,0,5,0
IN2409,Startup_2409,TravelTech,Noida,2017,Bootstrapped,3785000,500 Startups,Closed,1705,0,6,0
IN2410,Startup_2410,HRTech,Pune,2013,Seed,22086000,Matrix Partners,Closed,2695,0,5,0
IN2411,Startup_2411,E-Commerce,Bengaluru,2018,Series D+,14066000,Sequoia Capital India,Closed,1300,0,1,0
IN2412,Startup_2412,HRTech,Mumbai,2015,Pre-Seed,1707000,Matrix Partners,Closed,2232,0,5,0
IN2413,Startup_2413,HRTech,Ahmedabad,2022,Series C,24913000,Sequoia Capital India,Closed,1151,0,2,0
IN2414,Startup_2414,TravelTech,Ahmedabad,2016,Series C,29976000,Matrix Partners,Closed,4068,0,4,0
IN2415,Startup_2415,SaaS,Noida,2017,Grant,6195000,Accel Partners,Acquired,3440,0,2,0
IN2416,Startup_2416,LogisticsTech,Chennai,2016,Pre-Seed,1997000,Sequoia Capital India,Closed,3333,0,2,0
IN2417,Startup_2417,AgriTech,Chennai,2021,Series B,1602000,Angel Network,Closed,3165,0,2,0
IN2418,Startup_2418,HRTech,Kolkata,2019,Series A,15504000,Accel Partners,Merged,4634,0,3,0
IN2419,Startup_2419,HealthTech,Noida,2021,Bootstrapped,1877000,Angel Network,Closed,3040,0,2,0
IN2420,Startup_2420,FinTech,Delhi NCR,2015,Series D+,63717000,Blume Ventures,Active,3389,35415000,8,0
IN2421,Startup_2421,LogisticsTech,Pune,2013,Seed,36922000,500 Startups,Acquired,4298,0,10,0
IN2422,Startup_2422,TravelTech,Noida,2022,Series D+,15756000,Nexus Venture,Closed,3393,0,2,0
IN2423,Startup_2423,E-Commerce,Pune,2015,Series C,103654000,Nexus Venture,Acquired,1815,0,5,0
IN2424,Startup_2424,SaaS,Mumbai,2022,Series C,27777000,500 Startups,Closed,4945,0,1,0
IN2425,Startup_2425,HRTech,Hyderabad,2023,Series C,15836000,SoftBank,Closed,4711,0,2,0
IN2426,Startup_2426,LogisticsTech,Pune,2010,Series A,3055000,Kalaari Capital,Closed,4102,0,7,0
IN2427,Startup_2427,HealthTech,Noida,2021,Grant,1990000,Elevation Capital,Closed,4369,0,2,0
IN2428,Startup_2428,EdTech,Hyderabad,2012,Seed,79817000,Government Grant,Merged,4679,0,8,0
IN2429,Startup_2429,HealthTech,Bengaluru,2021,Series A,43243000,Sequoia Capital India,Closed,3925,0,2,0
IN2430,Startup_2430,SaaS,Jaipur,2015,Series B,49726000,Matrix Partners,Closed,3037,0,6,0
IN2431,Startup_2431,FoodTech,Noida,2012,Series A,657000,Nexus Venture,Active,2280,312000,11,0
IN2432,Startup_2432,SaaS,Kolkata,2011,Series A,15758000,Sequoia Capital India,Closed,226,0,3,0
IN2433,Startup_2433,AgriTech,Mumbai,2012,Seed,34565000,Kalaari Capital,Closed,3225,0,6,0
IN2434,Startup_2434,TravelTech,Noida,2016,Series B,15248000,Bootstrapped,Closed,3863,0,1,0
IN2435,Startup_2435,TravelTech,Kolkata,2022,Seed,27466000,Accel Partners,Acquired,2140,0,2,0
IN2436,Startup_2436,TravelTech,Pune,2013,Series C,17905000,SoftBank,Closed,695,0,2,0
IN2437,Startup_2437,E-Commerce,Jaipur,2018,Series D+,22836000,500 Startups,Active,1505,4404000,5,0
IN2438,Startup_2438,LogisticsTech,Delhi NCR,2020,Series A,15070000,Nexus Venture,Active,3749,4062000,3,0
IN2439,Startup_2439,SaaS,Kolkata,2013,Seed,16355000,Blume Ventures,Active,4748,5917000,10,0
IN2440,Startup_2440,LogisticsTech,Jaipur,2023,Pre-Seed,4753000,Bootstrapped,Active,2572,2771000,0,0
IN2441,Startup_2441,HealthTech,Noida,2023,Series C,52556000,Sequoia Capital India,Closed,1255,0,1,0
IN2442,Startup_2442,FoodTech,Ahmedabad,2014,Seed,9538000,Sequoia Capital India,Closed,2476,0,4,0
IN2443,Startup_2443,AgriTech,Bengaluru,2012,Series B,31676000,Kalaari Capital,Closed,386,0,3,0
IN2444,Startup_2444,HealthTech,Jaipur,2019,Series C,30649000,Blume Ventures,Closed,2760,0,2,0
IN2445,Startup_2445,E-Commerce,Hyderabad,2012,Series A,26022000,Tiger Global,Closed,135,0,3,0
IN2446,Startup_2446,AgriTech,Kolkata,2019,Seed,35125000,SoftBank,Closed,181,0,2,0
IN2447,Startup_2447,E-Commerce,Pune,2016,Grant,8085000,Accel Partners,Closed,3506,0,7,0
IN2448,Startup_2448,FoodTech,Chennai,2023,Pre-Seed,2143000,Government Grant,Closed,3920,0,2,0
IN2449,Startup_2449,AgriTech,Hyderabad,2021,Pre-Seed,2571000,SoftBank,Closed,461,0,1,0
IN2450,Startup_2450,HealthTech,Hyderabad,2021,Series C,15605000,Sequoia Capital India,Acquired,1777,0,2,0
IN2451,Startup_2451,HealthTech,Bengaluru,2012,Series C,85205000,Government Grant,Closed,4765,0,1,0
IN2452,Startup_2452,EdTech,Ahmedabad,2021,Series A,53021000,Tiger Global,Merged,2399,0,1,0
IN2453,Startup_2453,AgriTech,Bengaluru,2017,Bootstrapped,1043000,500 Startups,Acquired,4478,0,4,0
IN2454,Startup_2454,EdTech,Ahmedabad,2020,Grant,2098000,Accel Partners,Closed,4923,0,1,0
IN2455,Startup_2455,SaaS,Bengaluru,2016,Series D+,16033000,Y Combinator,Closed,3612,0,2,0
IN2456,Startup_2456,FoodTech,Delhi NCR,2015,Seed,15935000,Sequoia Capital India,Closed,4793,0,6,0
IN2457,Startup_2457,LogisticsTech,Kolkata,2022,Series C,54909000,Angel Network,Closed,1209,0,1,0
IN2458,Startup_2458,FoodTech,Hyderabad,2020,Series B,38506000,Accel Partners,Closed,1528,0,1,0
IN2459,Startup_2459,HealthTech,Mumbai,2011,Pre-Seed,4137000,SAIF Partners,Closed,345,0,4,0
IN2460,Startup_2460,AgriTech,Jaipur,2016,Pre-Seed,3564000,500 Startups,Closed,607,0,4,0
IN2461,Startup_2461,FinTech,Ahmedabad,2014,Pre-Seed,11194000,Elevation Capital,Acquired,1239,0,6,0
IN2462,Startup_2462,EdTech,Noida,2019,Series C,14421000,Kalaari Capital,Closed,898,0,4,0
IN2463,Startup_2463,EdTech,Delhi NCR,2012,Series A,75639000,Angel Network,Acquired,2087,0,4,0
IN2464,Startup_2464,E-Commerce,Jaipur,2017,Series A,39935000,Nexus Venture,Closed,1227,0,2,0
IN2465,Startup_2465,EdTech,Kolkata,2012,Bootstrapped,5487000,Nexus Venture,Closed,4844,0,11,0
IN2466,Startup_2466,LogisticsTech,Hyderabad,2013,Pre-Seed,4902000,SoftBank,Closed,2376,0,5,0
IN2467,Startup_2467,SaaS,Ahmedabad,2023,Pre-Seed,5887000,Blume Ventures,Closed,4168,0,2,0
IN2468,Startup_2468,FinTech,Pune,2017,Pre-Seed,173000,Kalaari Capital,Acquired,3094,0,5,0
IN2469,Startup_2469,AgriTech,Mumbai,2019,Series D+,27307000,Blume Ventures,Closed,2110,0,2,0
IN2470,Startup_2470,LogisticsTech,Kolkata,2020,Series B,52683000,Angel Network,Closed,2595,0,2,0
IN2471,Startup_2471,E-Commerce,Pune,2012,Grant,5237000,Government Grant,Acquired,1398,0,3,0
IN2472,Startup_2472,AgriTech,Noida,2012,Pre-Seed,3544000,Kalaari Capital,Closed,4448,0,2,0
IN2473,Startup_2473,HealthTech,Noida,2012,Pre-Seed,5167000,500 Startups,Closed,1293,0,3,0
IN2474,Startup_2474,HRTech,Pune,2011,Seed,30278000,500 Startups,Closed,3364,0,4,0
IN2475,Startup_2475,FinTech,Delhi NCR,2019,Series D+,79948000,Elevation Capital,Closed,3297,0,2,0
IN2476,Startup_2476,LogisticsTech,Hyderabad,2017,Series A,10507000,Elevation Capital,Closed,2432,0,6,0
IN2477,Startup_2477,HealthTech,Bengaluru,2016,Bootstrapped,5979000,Elevation Capital,Active,4215,420000,7,0
IN2478,Startup_2478,TravelTech,Chennai,2011,Series B,4903000,Bootstrapped,Closed,4411,0,1,0
IN2479,Startup_2479,FinTech,Pune,2019,Series B,19266000,Y Combinator,Closed,687,0,2,0
IN2480,Startup_2480,HealthTech,Mumbai,2023,Series A,33679000,Nexus Venture,Closed,4191,0,1,0
IN2481,Startup_2481,AgriTech,Jaipur,2012,Bootstrapped,2148000,Matrix Partners,Closed,2442,0,1,0
IN2482,Startup_2482,EdTech,Noida,2011,Series D+,43071000,Matrix Partners,Closed,2535,0,5,0
IN2483,Startup_2483,HealthTech,Bengaluru,2010,Bootstrapped,8355000,500 Startups,Closed,4080,0,8,0
IN2484,Startup_2484,TravelTech,Ahmedabad,2013,Series D+,34940000,Matrix Partners,Closed,3292,0,5,0
IN2485,Startup_2485,LogisticsTech,Pune,2022,Seed,43508000,SoftBank,Closed,2428,0,1,0
IN2486,Startup_2486,EdTech,Noida,2012,Bootstrapped,1449000,SoftBank,Acquired,1501,0,1,0
IN2487,Startup_2487,SaaS,Mumbai,2010,Series C,17818000,SoftBank,Closed,925,0,5,0
IN2488,Startup_2488,FoodTech,Jaipur,2019,Seed,43156000,Blume Ventures,Active,1258,28873000,4,0
IN2489,Startup_2489,LogisticsTech,Noida,2019,Series C,31705000,Bootstrapped,Closed,1319,0,2,0
IN2490,Startup_2490,EdTech,Jaipur,2010,Pre-Seed,3467000,Matrix Partners,Closed,173,0,12,0
IN2491,Startup_2491,HealthTech,Bengaluru,2010,Pre-Seed,1794000,Tiger Global,Closed,4419,0,6,0
IN2492,Startup_2492,E-Commerce,Jaipur,2016,Series B,822000,Bootstrapped,Acquired,382,0,3,0
IN2493,Startup_2493,HealthTech,Pune,2013,Series B,471000,Kalaari Capital,Closed,4533,0,3,0
IN2494,Startup_2494,LogisticsTech,Noida,2012,Pre-Seed,2401000,Angel Network,Active,3542,415000,11,0
IN2495,Startup_2495,FoodTech,Kolkata,2013,Series B,27857000,500 Startups,Closed,1696,0,9,0
IN2496,Startup_2496,HRTech,Kolkata,2020,Series B,16979000,500 Startups,Closed,684,0,3,0
IN2497,Startup_2497,AgriTech,Mumbai,2020,Bootstrapped,1825000,SoftBank,Closed,3557,0,3,0
IN2498,Startup_2498,SaaS,Mumbai,2010,Seed,46518000,Government Grant,Closed,1286,0,4,0
IN2499,Startup_2499,E-Commerce,Noida,2012,Seed,93467000,Angel Network,Closed,1835,0,6,0
IN2500,Startup_2500,HealthTech,Ahmedabad,2021,Seed,29485000,Government Grant,Closed,164,0,2,0
IN2501,Startup_2501,FoodTech,Ahmedabad,2016,Seed,21211000,Bootstrapped,Closed,3034,0,7,0
IN2502,Startup_2502,HRTech,Delhi NCR,2010,Seed,28481000,SoftBank,Acquired,616,0,10,0
IN2503,Startup_2503,HealthTech,Ahmedabad,2019,Grant,1078000,500 Startups,Merged,4123,0,1,0
IN2504,Startup_2504,AgriTech,Noida,2016,Series B,12026000,Bootstrapped,Closed,4077,0,2,0
IN2505,Startup_2505,FinTech,Delhi NCR,2021,Bootstrapped,8366000,Y Combinator,Closed,3272,0,2,0
IN2506,Startup_2506,HealthTech,Noida,2023,Series D+,8750000,Kalaari Capital,Closed,3673,0,1,0
IN2507,Startup_2507,SaaS,Noida,2018,Series A,15763000,Nexus Venture,Closed,3566,0,1,0
IN2508,Startup_2508,FoodTech,Pune,2012,Pre-Seed,3143000,Tiger Global,Closed,3377,0,7,0
IN2509,Startup_2509,HRTech,Pune,2011,Grant,1393000,Sequoia Capital India,Closed,4609,0,1,0
IN2510,Startup_2510,TravelTech,Noida,2017,Series C,22462000,SAIF Partners,Closed,2885,0,6,0
IN2511,Startup_2511,HRTech,Noida,2014,Bootstrapped,3338000,SoftBank,Closed,4984,0,9,0
IN2512,Startup_2512,SaaS,Mumbai,2016,Grant,5875000,SAIF Partners,Closed,2814,0,2,0
IN2513,Startup_2513,LogisticsTech,Noida,2018,Seed,17719000,Elevation Capital,Merged,4374,0,1,0
IN2514,Startup_2514,SaaS,Pune,2015,Pre-Seed,1179000,Bootstrapped,Closed,4218,0,7,0
IN2515,Startup_2515,FinTech,Chennai,2012,Seed,118397000,Tiger Global,Acquired,3266,0,3,0
IN2516,Startup_2516,FoodTech,Bengaluru,2016,Bootstrapped,3015000,Sequoia Capital India,Closed,150,0,7,0
IN2517,Startup_2517,TravelTech,Delhi NCR,2014,Series C,4786000,SoftBank,Closed,6,0,9,0
IN2518,Startup_2518,TravelTech,Noida,2018,Series B,36222000,Kalaari Capital,Acquired,3954,0,3,0
IN2519,Startup_2519,TravelTech,Jaipur,2013,Grant,3847000,Accel Partners,Closed,4534,0,6,0
IN2520,Startup_2520,LogisticsTech,Hyderabad,2010,Series A,26935000,Kalaari Capital,Acquired,106,0,1,0
IN2521,Startup_2521,FinTech,Hyderabad,2010,Series D+,91293000,Matrix Partners,Closed,836,0,10,0
IN2522,Startup_2522,HRTech,Chennai,2020,Series B,33892000,Kalaari Capital,Active,3175,9137000,3,0
IN2523,Startup_2523,TravelTech,Pune,2022,Series B,44046000,Bootstrapped,Acquired,2412,0,2,0
IN2524,Startup_2524,FoodTech,Noida,2010,Grant,4563000,Bootstrapped,Acquired,971,0,9,0
IN2525,Startup_2525,FoodTech,Delhi NCR,2016,Pre-Seed,3161000,SoftBank,Active,3505,1041000,7,0
IN2526,Startup_2526,EdTech,Bengaluru,2013,Series C,24381000,Nexus Venture,Acquired,1079,0,10,0
IN2527,Startup_2527,HRTech,Bengaluru,2016,Grant,1207000,Matrix Partners,Closed,4578,0,4,0
IN2528,Startup_2528,AgriTech,Delhi NCR,2014,Pre-Seed,3152000,Tiger Global,Closed,959,0,6,0
IN2529,Startup_2529,AgriTech,Noida,2019,Bootstrapped,556000,500 Startups,Acquired,3487,0,2,0
IN2530,Startup_2530,HealthTech,Delhi NCR,2011,Pre-Seed,1963000,Bootstrapped,Closed,2417,0,8,0
IN2531,Startup_2531,FinTech,Pune,2017,Series C,46961000,SAIF Partners,Closed,2365,0,6,0
IN2532,Startup_2532,AgriTech,Chennai,2019,Series B,13118000,Accel Partners,Closed,1900,0,2,0
IN2533,Startup_2533,AgriTech,Bengaluru,2017,Seed,11570000,Angel Network,Merged,2850,0,2,0
IN2534,Startup_2534,EdTech,Delhi NCR,2021,Pre-Seed,2008000,Tiger Global,Active,1516,1526000,2,0
IN2535,Startup_2535,EdTech,Ahmedabad,2013,Series A,37172000,Tiger Global,Closed,3488,0,5,0
IN2536,Startup_2536,TravelTech,Jaipur,2021,Series B,25050000,Angel Network,Closed,2633,0,2,0
IN2537,Startup_2537,HealthTech,Delhi NCR,2019,Series C,75800000,Tiger Global,Closed,2563,0,1,0
IN2538,Startup_2538,LogisticsTech,Mumbai,2018,Series D+,36974000,Blume Ventures,Closed,547,0,1,0
IN2539,Startup_2539,AgriTech,Bengaluru,2018,Pre-Seed,2401000,Nexus Venture,Closed,3673,0,4,0
IN2540,Startup_2540,SaaS,Pune,2017,Series B,44758000,Kalaari Capital,Closed,1158,0,3,0
IN2541,Startup_2541,FoodTech,Jaipur,2021,Series C,39505000,Blume Ventures,Active,977,12535000,2,0
IN2542,Startup_2542,SaaS,Noida,2017,Series B,59341000,Elevation Capital,Closed,1666,0,1,0
IN2543,Startup_2543,AgriTech,Hyderabad,2017,Pre-Seed,508000,SoftBank,Closed,3453,0,1,0
IN2544,Startup_2544,EdTech,Hyderabad,2013,Series A,3187000,Blume Ventures,Closed,4147,0,9,0
IN2545,Startup_2545,HealthTech,Jaipur,2011,Series D+,43349000,Blume Ventures,Closed,1610,0,1,0
IN2546,Startup_2546,SaaS,Jaipur,2016,Series A,4522000,Tiger Global,Closed,1003,0,4,0
IN2547,Startup_2547,SaaS,Kolkata,2015,Series B,51066000,Blume Ventures,Acquired,4195,0,1,0
IN2548,Startup_2548,EdTech,Jaipur,2019,Seed,54908000,SoftBank,Closed,2398,0,3,0
IN2549,Startup_2549,LogisticsTech,Ahmedabad,2011,Grant,2286000,Tiger Global,Closed,4855,0,7,0
IN2550,Startup_2550,HRTech,Mumbai,2014,Series B,13922000,Elevation Capital,Closed,4954,0,5,0
IN2551,Startup_2551,LogisticsTech,Kolkata,2014,Series D+,35335000,Elevation Capital,Active,239,20039000,9,0
IN2552,Startup_2552,EdTech,Bengaluru,2018,Series D+,46280000,SAIF Partners,Closed,1918,0,3,0
IN2553,Startup_2553,HealthTech,Mumbai,2021,Seed,37041000,SAIF Partners,Closed,2381,0,2,0
IN2554,Startup_2554,HealthTech,Pune,2016,Series C,46460000,SAIF Partners,Closed,2439,0,5,0
IN2555,Startup_2555,HRTech,Ahmedabad,2019,Series D+,19680000,500 Startups,Closed,3040,0,4,0
IN2556,Startup_2556,AgriTech,Noida,2015,Series A,29702000,Y Combinator,Merged,4854,0,1,0
IN2557,Startup_2557,HealthTech,Delhi NCR,2011,Grant,4181000,SAIF Partners,Closed,4992,0,11,0
IN2558,Startup_2558,EdTech,Delhi NCR,2014,Series B,72603000,Blume Ventures,Closed,673,0,8,0
IN2559,Startup_2559,FinTech,Chennai,2022,Series C,31892000,Kalaari Capital,Acquired,812,0,2,0
IN2560,Startup_2560,E-Commerce,Kolkata,2017,Series A,43278000,SAIF Partners,Closed,860,0,1,0
IN2561,Startup_2561,HealthTech,Hyderabad,2020,Pre-Seed,4540000,Government Grant,Closed,3560,0,3,0
IN2562,Startup_2562,EdTech,Mumbai,2019,Series B,78870000,Y Combinator,Closed,4415,0,1,0
IN2563,Startup_2563,SaaS,Chennai,2019,Pre-Seed,173000,Government Grant,Acquired,4694,0,2,0
IN2564,Startup_2564,EdTech,Ahmedabad,2017,Pre-Seed,1200000,Y Combinator,Closed,3485,0,4,0
IN2565,Startup_2565,HRTech,Hyderabad,2013,Series D+,29034000,Kalaari Capital,Active,4135,13177000,10,0
IN2566,Startup_2566,FinTech,Ahmedabad,2021,Pre-Seed,8044000,SoftBank,Closed,1038,0,2,0
IN2567,Startup_2567,FinTech,Mumbai,2011,Series B,10039000,SoftBank,Closed,4365,0,3,0
IN2568,Startup_2568,HRTech,Ahmedabad,2014,Series A,11099000,Accel Partners,Closed,1995,0,7,0
IN2569,Startup_2569,FinTech,Noida,2010,Series D+,95813000,Y Combinator,Acquired,4116,0,12,0
IN2570,Startup_2570,EdTech,Bengaluru,2014,Series D+,11023000,SoftBank,Active,3778,2259000,9,0
IN2571,Startup_2571,EdTech,Chennai,2021,Grant,6065000,Tiger Global,Closed,3605,0,1,0
IN2572,Startup_2572,E-Commerce,Chennai,2018,Bootstrapped,2330000,SoftBank,Closed,496,0,1,0
IN2573,Startup_2573,AgriTech,Jaipur,2015,Bootstrapped,2535000,Nexus Venture,Active,3691,1392000,8,0
IN2574,Startup_2574,EdTech,Chennai,2023,Bootstrapped,1930000,Blume Ventures,Acquired,4655,0,1,0
IN2575,Startup_2575,AgriTech,Chennai,2022,Seed,11678000,Matrix Partners,Active,350,6365000,1,0
IN2576,Startup_2576,TravelTech,Hyderabad,2017,Grant,136000,Tiger Global,Closed,4464,0,5,0
IN2577,Startup_2577,LogisticsTech,Kolkata,2016,Pre-Seed,1511000,Tiger Global,Closed,4271,0,1,0
IN2578,Startup_2578,LogisticsTech,Pune,2014,Seed,41041000,Accel Partners,Acquired,288,0,2,0
IN2579,Startup_2579,HRTech,Ahmedabad,2015,Series B,30540000,Bootstrapped,Closed,2456,0,7,0
IN2580,Startup_2580,SaaS,Bengaluru,2015,Seed,46899000,SAIF Partners,Active,12,7106000,8,0
IN2581,Startup_2581,E-Commerce,Bengaluru,2014,Series A,23255000,Tiger Global,Closed,4172,0,2,0
IN2582,Startup_2582,SaaS,Pune,2020,Series C,37091000,Elevation Capital,Closed,1885,0,3,0
IN2583,Startup_2583,AgriTech,Hyderabad,2010,Bootstrapped,189000,Blume Ventures,Closed,3296,0,5,0
IN2584,Startup_2584,HRTech,Bengaluru,2019,Series A,18827000,Y Combinator,Closed,2281,0,4,0
IN2585,Startup_2585,SaaS,Chennai,2022,Series D+,49528000,Y Combinator,Active,2694,22447000,1,0
IN2586,Startup_2586,FoodTech,Delhi NCR,2023,Grant,1340000,SoftBank,Closed,176,0,2,0
IN2587,Startup_2587,TravelTech,Jaipur,2011,Seed,37778000,Y Combinator,Closed,2221,0,12,0
IN2588,Startup_2588,FinTech,Hyderabad,2014,Series B,91321000,500 Startups,Closed,534,0,9,0
IN2589,Startup_2589,FoodTech,Hyderabad,2018,Grant,3741000,SAIF Partners,Closed,1824,0,2,0
IN2590,Startup_2590,E-Commerce,Kolkata,2014,Grant,9130000,Accel Partners,Closed,1907,0,1,0
IN2591,Startup_2591,HRTech,Bengaluru,2019,Seed,12284000,SAIF Partners,Merged,3435,0,1,0
IN2592,Startup_2592,HealthTech,Jaipur,2012,Bootstrapped,2403000,Tiger Global,Closed,325,0,5,0
IN2593,Startup_2593,EdTech,Delhi NCR,2023,Series B,48975000,Angel Network,Acquired,2919,0,2,0
IN2594,Startup_2594,FoodTech,Delhi NCR,2010,Series C,3454000,Sequoia Capital India,Closed,4054,0,12,0
IN2595,Startup_2595,HRTech,Pune,2011,Series B,13056000,Government Grant,Closed,1969,0,9,0
IN2596,Startup_2596,EdTech,Bengaluru,2019,Grant,2490000,Bootstrapped,Closed,1185,0,2,0
IN2597,Startup_2597,SaaS,Jaipur,2017,Pre-Seed,5152000,Blume Ventures,Closed,1239,0,6,0
IN2598,Startup_2598,LogisticsTech,Pune,2023,Bootstrapped,1081000,Accel Partners,Closed,4065,0,2,0
IN2599,Startup_2599,HealthTech,Delhi NCR,2014,Pre-Seed,8014000,Bootstrapped,Closed,1754,0,3,0
IN2600,Startup_2600,LogisticsTech,Mumbai,2011,Pre-Seed,1847000,SAIF Partners,Active,3537,230000,12,0
IN2601,Startup_2601,LogisticsTech,Hyderabad,2010,Grant,3286000,Blume Ventures,Active,1393,303000,13,0
IN2602,Startup_2602,HealthTech,Bengaluru,2010,Series D+,21509000,500 Startups,Closed,3394,0,12,0
IN2603,Startup_2603,HealthTech,Mumbai,2019,Series D+,86272000,Elevation Capital,Closed,257,0,1,0
IN2604,Startup_2604,AgriTech,Ahmedabad,2017,Series D+,3922000,SoftBank,Active,1120,1177000,6,0
IN2605,Startup_2605,HRTech,Bengaluru,2010,Grant,1621000,SoftBank,Closed,285,0,11,0
IN2606,Startup_2606,FoodTech,Delhi NCR,2012,Seed,27096000,Matrix Partners,Active,4641,2193000,11,0
IN2607,Startup_2607,TravelTech,Ahmedabad,2011,Bootstrapped,844000,Sequoia Capital India,Closed,2081,0,6,0
IN2608,Startup_2608,SaaS,Kolkata,2022,Seed,7901000,Tiger Global,Merged,4484,0,1,0
IN2609,Startup_2609,FoodTech,Bengaluru,2017,Series C,20442000,Tiger Global,Closed,1849,0,3,0
IN2610,Startup_2610,SaaS,Delhi NCR,2012,Series D+,45409000,Sequoia Capital India,Closed,1182,0,6,0
IN2611,Startup_2611,HealthTech,Hyderabad,2019,Series C,13030000,Angel Network,Closed,141,0,3,0
IN2612,Startup_2612,SaaS,Ahmedabad,2022,Grant,2640000,Sequoia Capital India,Acquired,1707,0,1,0
IN2613,Startup_2613,LogisticsTech,Chennai,2015,Seed,8007000,Matrix Partners,Closed,648,0,8,0
IN2614,Startup_2614,HRTech,Pune,2021,Pre-Seed,2373000,Nexus Venture,Merged,2827,0,2,0
IN2615,Startup_2615,HRTech,Jaipur,2015,Seed,4686000,Accel Partners,Closed,4712,0,2,0
IN2616,Startup_2616,AgriTech,Jaipur,2019,Seed,17252000,500 Startups,Closed,3316,0,3,0
IN2617,Startup_2617,HRTech,Jaipur,2016,Series C,15036000,500 Startups,Closed,4210,0,6,0
IN2618,Startup_2618,LogisticsTech,Delhi NCR,2013,Grant,372000,Sequoia Capital India,Closed,4099,0,9,0
IN2619,Startup_2619,SaaS,Pune,2017,Series C,52482000,Blume Ventures,Active,4568,41058000,6,0
IN2620,Startup_2620,HRTech,Mumbai,2019,Pre-Seed,2173000,Elevation Capital,Closed,1072,0,1,0
IN2621,Startup_2621,LogisticsTech,Pune,2010,Pre-Seed,4427000,Government Grant,Closed,4336,0,13,0
IN2622,Startup_2622,E-Commerce,Kolkata,2019,Series A,86482000,SoftBank,Acquired,2284,0,3,0
IN2623,Startup_2623,TravelTech,Kolkata,2014,Grant,185000,Tiger Global,Merged,962,0,4,0
IN2624,Startup_2624,HRTech,Jaipur,2016,Series D+,6643000,Angel Network,Closed,81,0,2,0
IN2625,Startup_2625,EdTech,Delhi NCR,2013,Grant,5946000,Y Combinator,Closed,121,0,6,0
IN2626,Startup_2626,AgriTech,Bengaluru,2013,Series B,923000,SAIF Partners,Active,4253,307000,10,0
IN2627,Startup_2627,SaaS,Kolkata,2017,Series B,42911000,Sequoia Capital India,Closed,4230,0,5,0
IN2628,Startup_2628,HRTech,Noida,2011,Seed,14276000,Sequoia Capital India,Closed,191,0,10,0
IN2629,Startup_2629,EdTech,Kolkata,2019,Series A,11281000,Blume Ventures,Acquired,1653,0,4,0
IN2630,Startup_2630,HRTech,Jaipur,2022,Grant,2166000,Matrix Partners,Closed,74,0,2,0
IN2631,Startup_2631,SaaS,Jaipur,2023,Seed,60682000,SAIF Partners,Merged,3485,0,2,0
IN2632,Startup_2632,SaaS,Kolkata,2013,Pre-Seed,6451000,Y Combinator,Active,4831,2814000,10,0
IN2633,Startup_2633,E-Commerce,Hyderabad,2016,Seed,79642000,SoftBank,Acquired,3652,0,1,0
IN2634,Startup_2634,EdTech,Jaipur,2011,Series D+,48409000,Bootstrapped,Active,3027,27628000,12,0
IN2635,Startup_2635,AgriTech,Jaipur,2012,Series C,825000,Bootstrapped,Closed,2130,0,11,0
IN2636,Startup_2636,FinTech,Mumbai,2015,Series B,29081000,Matrix Partners,Closed,3369,0,1,0
IN2637,Startup_2637,FoodTech,Chennai,2016,Series C,44545000,Nexus Venture,Closed,3315,0,4,0
IN2638,Startup_2638,FoodTech,Delhi NCR,2021,Pre-Seed,2759000,Nexus Venture,Active,133,1814000,2,0
IN2639,Startup_2639,TravelTech,Mumbai,2021,Series A,29403000,SAIF Partners,Acquired,3661,0,2,0
IN2640,Startup_2640,FinTech,Delhi NCR,2016,Series A,41925000,500 Startups,Active,575,17720000,7,0
IN2641,Startup_2641,AgriTech,Delhi NCR,2017,Series B,14405000,SoftBank,Closed,3373,0,3,0
IN2642,Startup_2642,HealthTech,Hyderabad,2015,Grant,2673000,Tiger Global,Active,777,2123000,8,0
IN2643,Startup_2643,TravelTech,Delhi NCR,2018,Series D+,5317000,Matrix Partners,Active,570,2772000,5,0
IN2644,Startup_2644,AgriTech,Chennai,2019,Pre-Seed,3466000,Matrix Partners,Closed,939,0,1,0
IN2645,Startup_2645,FinTech,Ahmedabad,2019,Series A,32108000,Matrix Partners,Closed,194,0,1,0
IN2646,Startup_2646,EdTech,Delhi NCR,2018,Series B,36771000,Sequoia Capital India,Closed,737,0,2,0
IN2647,Startup_2647,E-Commerce,Delhi NCR,2019,Bootstrapped,1022000,Sequoia Capital India,Active,2168,777000,4,0
IN2648,Startup_2648,AgriTech,Bengaluru,2017,Bootstrapped,1307000,Y Combinator,Closed,2120,0,3,0
IN2649,Startup_2649,LogisticsTech,Bengaluru,2014,Series A,58712000,Matrix Partners,Acquired,1794,0,5,0
IN2650,Startup_2650,LogisticsTech,Bengaluru,2011,Seed,609000,Blume Ventures,Closed,1681,0,12,0
IN2651,Startup_2651,SaaS,Ahmedabad,2023,Series A,24578000,Matrix Partners,Closed,682,0,2,0
IN2652,Startup_2652,LogisticsTech,Jaipur,2012,Series A,45460000,Angel Network,Merged,1035,0,8,0
IN2653,Startup_2653,HealthTech,Kolkata,2017,Pre-Seed,7630000,Angel Network,Closed,3175,0,3,0
IN2654,Startup_2654,LogisticsTech,Delhi NCR,2023,Series A,4780000,500 Startups,Closed,3622,0,2,0
IN2655,Startup_2655,TravelTech,Ahmedabad,2018,Series C,13276000,Blume Ventures,Closed,661,0,2,0
IN2656,Startup_2656,HRTech,Bengaluru,2020,Series B,1374000,500 Startups,Closed,893,0,3,0
IN2657,Startup_2657,SaaS,Jaipur,2019,Grant,6815000,Tiger Global,Merged,1929,0,3,0
IN2658,Startup_2658,SaaS,Hyderabad,2014,Pre-Seed,2944000,Angel Network,Closed,3101,0,9,0
IN2659,Startup_2659,HealthTech,Mumbai,2012,Seed,57457000,Y Combinator,Closed,2072,0,10,0
IN2660,Startup_2660,AgriTech,Delhi NCR,2015,Series C,6965000,Matrix Partners,Closed,2266,0,5,0
IN2661,Startup_2661,EdTech,Mumbai,2011,Grant,4383000,Accel Partners,Closed,4353,0,3,0
IN2662,Startup_2662,FoodTech,Hyderabad,2010,Bootstrapped,1138000,Bootstrapped,Closed,4808,0,13,0
IN2663,Startup_2663,SaaS,Jaipur,2023,Series A,37047000,Nexus Venture,Closed,4808,0,2,0
IN2664,Startup_2664,TravelTech,Bengaluru,2016,Bootstrapped,3486000,Kalaari Capital,Closed,807,0,7,0
IN2665,Startup_2665,EdTech,Bengaluru,2012,Seed,70277000,Nexus Venture,Closed,1608,0,11,0
IN2666,Startup_2666,SaaS,Mumbai,2022,Series A,2197000,Angel Network,Closed,3290,0,1,0
IN2667,Startup_2667,SaaS,Noida,2021,Bootstrapped,6623000,Blume Ventures,Active,1167,830000,2,0
IN2668,Startup_2668,TravelTech,Kolkata,2010,Pre-Seed,290000,Angel Network,Closed,1653,0,2,0
IN2669,Startup_2669,HRTech,Ahmedabad,2018,Pre-Seed,2828000,Sequoia Capital India,Active,110,587000,5,0
IN2670,Startup_2670,FoodTech,Mumbai,2013,Seed,24895000,Accel Partners,Closed,4832,0,8,0
IN2671,Startup_2671,TravelTech,Kolkata,2010,Seed,34119000,500 Startups,Acquired,1276,0,13,0
IN2672,Startup_2672,AgriTech,Noida,2022,Pre-Seed,1041000,Elevation Capital,Closed,2335,0,2,0
IN2673,Startup_2673,TravelTech,Chennai,2023,Series D+,28328000,Accel Partners,Acquired,1689,0,2,0
IN2674,Startup_2674,AgriTech,Hyderabad,2015,Series A,1003000,500 Startups,Closed,1365,0,8,0
IN2675,Startup_2675,TravelTech,Bengaluru,2017,Series A,26984000,Sequoia Capital India,Closed,1859,0,4,0
IN2676,Startup_2676,EdTech,Kolkata,2011,Bootstrapped,5528000,Accel Partners,Active,3852,4323000,12,0
IN2677,Startup_2677,HealthTech,Delhi NCR,2013,Bootstrapped,4429000,Accel Partners,Closed,4388,0,4,0
IN2678,Startup_2678,FoodTech,Chennai,2023,Series B,43934000,SAIF Partners,Active,870,31841000,0,0
IN2679,Startup_2679,FinTech,Delhi NCR,2022,Series C,81012000,Angel Network,Closed,4499,0,2,0
IN2680,Startup_2680,AgriTech,Ahmedabad,2023,Pre-Seed,2609000,Bootstrapped,Active,2403,510000,0,0
IN2681,Startup_2681,HealthTech,Hyderabad,2016,Series A,74234000,Matrix Partners,Closed,4794,0,1,0
IN2682,Startup_2682,LogisticsTech,Noida,2020,Bootstrapped,5085000,Nexus Venture,Closed,3265,0,3,0
IN2683,Startup_2683,FoodTech,Bengaluru,2016,Grant,1792000,Matrix Partners,Closed,971,0,2,0
IN2684,Startup_2684,HRTech,Chennai,2021,Series A,2017000,Accel Partners,Active,3332,1454000,2,0
IN2685,Startup_2685,HealthTech,Kolkata,2011,Pre-Seed,116000,SoftBank,Closed,2983,0,1,0
IN2686,Startup_2686,TravelTech,Pune,2022,Series A,9613000,Angel Network,Closed,923,0,1,0
IN2687,Startup_2687,HRTech,Delhi NCR,2014,Series C,7792000,Sequoia Capital India,Closed,2471,0,2,0
IN2688,Startup_2688,LogisticsTech,Noida,2022,Seed,19120000,SoftBank,Acquired,385,0,1,0
IN2689,Startup_2689,EdTech,Chennai,2011,Bootstrapped,2930000,Government Grant,Closed,4508,0,7,0
IN2690,Startup_2690,SaaS,Kolkata,2021,Series B,60761000,Elevation Capital,Closed,2705,0,1,0
IN2691,Startup_2691,SaaS,Jaipur,2011,Seed,1343000,Accel Partners,Active,2264,986000,12,0
IN2692,Startup_2692,LogisticsTech,Pune,2022,Series A,49252000,Elevation Capital,Closed,3479,0,1,0
IN2693,Startup_2693,AgriTech,Ahmedabad,2013,Series D+,30620000,Y Combinator,Closed,912,0,3,0
IN2694,Startup_2694,TravelTech,Mumbai,2017,Grant,452000,SoftBank,Closed,4853,0,3,0
IN2695,Startup_2695,HRTech,Ahmedabad,2018,Seed,9160000,Matrix Partners,Closed,375,0,5,0
IN2696,Startup_2696,FoodTech,Delhi NCR,2013,Bootstrapped,1489000,Nexus Venture,Active,3566,921000,10,0
IN2697,Startup_2697,AgriTech,Pune,2016,Grant,156000,Accel Partners,Closed,3619,0,1,0
IN2698,Startup_2698,FinTech,Ahmedabad,2013,Pre-Seed,5593000,Kalaari Capital,Acquired,3149,0,5,0
IN2699,Startup_2699,FoodTech,Jaipur,2020,Series B,36175000,SoftBank,Closed,802,0,2,0
IN2700,Startup_2700,AgriTech,Pune,2013,Pre-Seed,3556000,Nexus Venture,Closed,599,0,5,0
IN2701,Startup_2701,TravelTech,Chennai,2021,Grant,1731000,Tiger Global,Closed,4611,0,1,0
IN2702,Startup_2702,AgriTech,Pune,2022,Bootstrapped,1617000,Tiger Global,Closed,3695,0,1,0
IN2703,Startup_2703,TravelTech,Jaipur,2023,Series C,20246000,Matrix Partners,Merged,2055,0,1,0
IN2704,Startup_2704,FinTech,Ahmedabad,2020,Bootstrapped,1769000,Accel Partners,Closed,1693,0,2,0
IN2705,Startup_2705,E-Commerce,Jaipur,2016,Grant,1556000,Elevation Capital,Closed,1029,0,2,0
IN2706,Startup_2706,TravelTech,Kolkata,2021,Grant,1835000,Bootstrapped,Closed,249,0,2,0
IN2707,Startup_2707,TravelTech,Jaipur,2016,Series B,31257000,Government Grant,Closed,3037,0,7,0
IN2708,Startup_2708,E-Commerce,Pune,2010,Series D+,75729000,Y Combinator,Closed,4949,0,13,0
IN2709,Startup_2709,HealthTech,Ahmedabad,2013,Bootstrapped,8614000,Kalaari Capital,Closed,4885,0,8,0
IN2710,Startup_2710,LogisticsTech,Pune,2022,Pre-Seed,4097000,Angel Network,Closed,2637,0,2,0
IN2711,Startup_2711,FoodTech,Bengaluru,2021,Grant,4411000,Blume Ventures,Closed,2779,0,2,0
IN2712,Startup_2712,SaaS,Delhi NCR,2016,Seed,60406000,SoftBank,Closed,4318,0,3,0
IN2713,Startup_2713,HealthTech,Delhi NCR,2017,Series B,67537000,Tiger Global,Acquired,3732,0,6,0
IN2714,Startup_2714,E-Commerce,Delhi NCR,2010,Series A,70924000,Blume Ventures,Closed,848,0,2,0
IN2715,Startup_2715,EdTech,Ahmedabad,2023,Series D+,39310000,Elevation Capital,Closed,990,0,2,0
IN2716,Startup_2716,EdTech,Kolkata,2012,Pre-Seed,1278000,500 Startups,Closed,4451,0,6,0
IN2717,Startup_2717,EdTech,Pune,2014,Bootstrapped,1877000,Kalaari Capital,Closed,1441,0,2,0
IN2718,Startup_2718,LogisticsTech,Noida,2010,Series B,48427000,Tiger Global,Closed,244,0,3,0
IN2719,Startup_2719,LogisticsTech,Noida,2022,Pre-Seed,5876000,Nexus Venture,Active,1512,3284000,1,0
IN2720,Startup_2720,SaaS,Ahmedabad,2023,Seed,38314000,Y Combinator,Active,587,14863000,0,0
IN2721,Startup_2721,FinTech,Hyderabad,2022,Seed,23685000,500 Startups,Closed,324,0,2,0
IN2722,Startup_2722,FinTech,Bengaluru,2014,Series B,49886000,Blume Ventures,Closed,1505,0,5,0
IN2723,Startup_2723,SaaS,Kolkata,2019,Series B,60432000,Blume Ventures,Acquired,1311,0,3,0
IN2724,Startup_2724,FoodTech,Kolkata,2013,Pre-Seed,4790000,Sequoia Capital India,Closed,3259,0,6,0
IN2725,Startup_2725,SaaS,Bengaluru,2012,Series D+,42950000,SAIF Partners,Closed,2664,0,2,0
IN2726,Startup_2726,HRTech,Hyderabad,2021,Series B,24555000,Government Grant,Closed,4042,0,1,0
IN2727,Startup_2727,TravelTech,Mumbai,2012,Seed,10077000,Bootstrapped,Acquired,393,0,5,0
IN2728,Startup_2728,HRTech,Kolkata,2010,Series A,25177000,Blume Ventures,Acquired,3238,0,11,0
IN2729,Startup_2729,AgriTech,Delhi NCR,2017,Series A,12219000,SoftBank,Closed,4819,0,4,0
IN2730,Startup_2730,SaaS,Noida,2021,Series D+,50637000,SAIF Partners,Active,4475,19046000,2,0
IN2731,Startup_2731,FinTech,Kolkata,2021,Grant,9055000,Y Combinator,Merged,179,0,1,0
IN2732,Startup_2732,FinTech,Jaipur,2010,Seed,101167000,Tiger Global,Closed,4876,0,1,0
IN2733,Startup_2733,HealthTech,Delhi NCR,2022,Seed,69964000,Nexus Venture,Acquired,1953,0,1,0
IN2734,Startup_2734,SaaS,Pune,2018,Pre-Seed,1226000,Tiger Global,Closed,2856,0,2,0
IN2735,Startup_2735,E-Commerce,Hyderabad,2012,Pre-Seed,2722000,Accel Partners,Merged,335,0,3,0
IN2736,Startup_2736,AgriTech,Chennai,2015,Pre-Seed,3540000,SoftBank,Active,2767,930000,8,0
IN2737,Startup_2737,FinTech,Hyderabad,2023,Bootstrapped,9767000,Government Grant,Closed,4591,0,2,0
IN2738,Startup_2738,E-Commerce,Noida,2013,Series B,18177000,Y Combinator,Closed,2019,0,7,0
IN2739,Startup_2739,HealthTech,Noida,2016,Series A,48505000,Kalaari Capital,Active,4624,29586000,7,0
IN2740,Startup_2740,TravelTech,Hyderabad,2011,Series A,35511000,Government Grant,Acquired,2215,0,2,0
IN2741,Startup_2741,HealthTech,Noida,2010,Grant,6770000,Matrix Partners,Closed,2566,0,10,0
IN2742,Startup_2742,HRTech,Noida,2012,Pre-Seed,857000,Blume Ventures,Closed,3290,0,4,0
IN2743,Startup_2743,EdTech,Ahmedabad,2017,Series C,22373000,Accel Partners,Closed,123,0,4,0
IN2744,Startup_2744,HealthTech,Noida,2022,Series C,51102000,500 Startups,Closed,3673,0,2,0
IN2745,Startup_2745,HRTech,Mumbai,2019,Series A,15677000,Angel Network,Closed,1878,0,1,0
IN2746,Startup_2746,FoodTech,Chennai,2013,Bootstrapped,2126000,Nexus Venture,Closed,3880,0,6,0
IN2747,Startup_2747,HealthTech,Jaipur,2020,Bootstrapped,953000,500 Startups,Closed,1164,0,3,0
IN2748,Startup_2748,FinTech,Noida,2016,Seed,92091000,Sequoia Capital India,Closed,38,0,5,0
IN2749,Startup_2749,HRTech,Delhi NCR,2020,Series C,4896000,Sequoia Capital India,Closed,1567,0,1,0
IN2750,Startup_2750,EdTech,Mumbai,2015,Series B,28499000,Kalaari Capital,Acquired,772,0,5,0
IN2751,Startup_2751,E-Commerce,Delhi NCR,2011,Seed,73414000,Sequoia Capital India,Closed,4240,0,8,0
IN2752,Startup_2752,FoodTech,Noida,2017,Series A,30332000,Tiger Global,Closed,3068,0,6,0
IN2753,Startup_2753,SaaS,Delhi NCR,2012,Seed,16653000,Y Combinator,Closed,2085,0,11,0
IN2754,Startup_2754,AgriTech,Jaipur,2022,Seed,29465000,Sequoia Capital India,Closed,2480,0,2,0
IN2755,Startup_2755,FoodTech,Bengaluru,2016,Grant,4150000,SoftBank,Closed,1713,0,2,0
IN2756,Startup_2756,HealthTech,Noida,2019,Bootstrapped,3241000,Elevation Capital,Closed,470,0,2,0
IN2757,Startup_2757,AgriTech,Ahmedabad,2021,Series C,11070000,500 Startups,Merged,4259,0,2,0
IN2758,Startup_2758,TravelTech,Chennai,2021,Series B,24413000,Government Grant,Acquired,2628,0,2,0
IN2759,Startup_2759,FoodTech,Delhi NCR,2016,Series A,25470000,Matrix Partners,Active,3952,3668000,7,0
IN2760,Startup_2760,HRTech,Delhi NCR,2015,Series C,30193000,Bootstrapped,Acquired,2614,0,6,0
IN2761,Startup_2761,EdTech,Noida,2016,Series A,13975000,Y Combinator,Closed,2872,0,1,0
IN2762,Startup_2762,EdTech,Jaipur,2012,Series D+,53162000,Bootstrapped,Closed,3325,0,3,0
IN2763,Startup_2763,SaaS,Ahmedabad,2012,Bootstrapped,5327000,500 Startups,Closed,1478,0,11,0
IN2764,Startup_2764,FinTech,Mumbai,2023,Series A,29859000,Nexus Venture,Closed,716,0,2,0
IN2765,Startup_2765,HRTech,Noida,2012,Pre-Seed,2123000,Bootstrapped,Closed,3422,0,7,0
IN2766,Startup_2766,HealthTech,Ahmedabad,2010,Series A,322000,500 Startups,Closed,2809,0,1,0
IN2767,Startup_2767,HRTech,Chennai,2016,Series B,16755000,Nexus Venture,Closed,324,0,1,0
IN2768,Startup_2768,E-Commerce,Noida,2011,Pre-Seed,965000,SoftBank,Closed,2014,0,6,0
IN2769,Startup_2769,E-Commerce,Jaipur,2019,Series A,33047000,Blume Ventures,Closed,769,0,1,0
IN2770,Startup_2770,HRTech,Hyderabad,2016,Pre-Seed,1475000,Sequoia Capital India,Closed,4334,0,2,0
IN2771,Startup_2771,FoodTech,Ahmedabad,2020,Pre-Seed,1416000,Accel Partners,Closed,3426,0,1,0
IN2772,Startup_2772,FoodTech,Kolkata,2023,Series A,11037000,SAIF Partners,Closed,2901,0,1,0
IN2773,Startup_2773,FinTech,Noida,2015,Series B,24386000,Matrix Partners,Closed,740,0,8,0
IN2774,Startup_2774,LogisticsTech,Delhi NCR,2023,Series B,12494000,Y Combinator,Closed,1625,0,2,0
IN2775,Startup_2775,EdTech,Bengaluru,2020,Series C,7634000,Matrix Partners,Closed,2456,0,1,0
IN2776,Startup_2776,E-Commerce,Mumbai,2016,Series D+,89957000,Accel Partners,Closed,1612,0,4,0
IN2777,Startup_2777,HealthTech,Ahmedabad,2017,Bootstrapped,4305000,Matrix Partners,Closed,261,0,4,0
IN2778,Startup_2778,E-Commerce,Pune,2019,Series C,107225000,Y Combinator,Closed,2274,0,4,0
IN2779,Startup_2779,EdTech,Ahmedabad,2015,Series D+,44128000,Sequoia Capital India,Active,710,29871000,8,0
IN2780,Startup_2780,FoodTech,Noida,2019,Series B,34912000,Sequoia Capital India,Closed,1383,0,3,0
IN2781,Startup_2781,TravelTech,Hyderabad,2017,Series C,12103000,Government Grant,Closed,4066,0,2,0
IN2782,Startup_2782,E-Commerce,Pune,2015,Bootstrapped,8766000,SAIF Partners,Closed,3186,0,5,0
IN2783,Startup_2783,FoodTech,Noida,2022,Pre-Seed,4373000,Government Grant,Closed,4393,0,2,0
IN2784,Startup_2784,E-Commerce,Kolkata,2023,Series A,62633000,Nexus Venture,Closed,3832,0,1,0
IN2785,Startup_2785,E-Commerce,Jaipur,2016,Series C,1725000,Sequoia Capital India,Active,4881,525000,7,0
IN2786,Startup_2786,TravelTech,Chennai,2020,Series D+,42468000,Tiger Global,Closed,750,0,2,0
IN2787,Startup_2787,SaaS,Hyderabad,2015,Pre-Seed,242000,Government Grant,Acquired,1807,0,8,0
IN2788,Startup_2788,TravelTech,Mumbai,2014,Bootstrapped,2204000,Bootstrapped,Active,3365,1329000,9,0
IN2789,Startup_2789,SaaS,Hyderabad,2017,Series C,32074000,Matrix Partners,Closed,3075,0,1,0
IN2790,Startup_2790,TravelTech,Ahmedabad,2023,Series D+,11613000,Matrix Partners,Acquired,3830,0,1,0
IN2791,Startup_2791,LogisticsTech,Hyderabad,2016,Seed,17957000,Angel Network,Closed,715,0,5,0
IN2792,Startup_2792,AgriTech,Jaipur,2021,Pre-Seed,605000,Blume Ventures,Merged,1369,0,1,0
IN2793,Startup_2793,FinTech,Jaipur,2014,Series D+,54803000,Y Combinator,Active,4606,18567000,9,0
IN2794,Startup_2794,SaaS,Hyderabad,2015,Bootstrapped,3007000,Kalaari Capital,Closed,301,0,4,0
IN2795,Startup_2795,E-Commerce,Ahmedabad,2014,Bootstrapped,2732000,Sequoia Capital India,Closed,3248,0,8,0
IN2796,Startup_2796,FoodTech,Hyderabad,2010,Bootstrapped,3960000,500 Startups,Closed,987,0,9,0
IN2797,Startup_2797,HealthTech,Delhi NCR,2021,Series A,79940000,Blume Ventures,Closed,4709,0,2,0
IN2798,Startup_2798,EdTech,Noida,2010,Grant,4066000,Kalaari Capital,Closed,1788,0,9,0
IN2799,Startup_2799,AgriTech,Noida,2022,Pre-Seed,3008000,Elevation Capital,Closed,3399,0,1,0
IN2800,Startup_2800,SaaS,Delhi NCR,2021,Grant,183000,Y Combinator,Merged,2581,0,2,0
IN2801,Startup_2801,FinTech,Pune,2019,Series A,14595000,Blume Ventures,Closed,482,0,3,0
IN2802,Startup_2802,TravelTech,Kolkata,2022,Seed,18126000,Angel Network,Closed,3629,0,1,0
IN2803,Startup_2803,LogisticsTech,Kolkata,2013,Series A,45800000,Matrix Partners,Acquired,1336,0,10,0
IN2804,Startup_2804,FinTech,Ahmedabad,2013,Series A,61322000,Elevation Capital,Closed,658,0,10,0
IN2805,Startup_2805,TravelTech,Delhi NCR,2017,Seed,18899000,Kalaari Capital,Closed,1673,0,2,0
IN2806,Startup_2806,FoodTech,Mumbai,2017,Pre-Seed,4114000,Nexus Venture,Closed,2151,0,2,0
IN2807,Startup_2807,LogisticsTech,Noida,2014,Series A,43134000,Elevation Capital,Active,4389,24380000,9,0
IN2808,Startup_2808,E-Commerce,Mumbai,2020,Series B,33553000,Bootstrapped,Merged,4929,0,3,0
IN2809,Startup_2809,FinTech,Mumbai,2014,Series D+,73454000,Matrix Partners,Closed,3685,0,1,0
IN2810,Startup_2810,LogisticsTech,Noida,2012,Seed,49208000,Blume Ventures,Closed,1557,0,1,0
IN2811,Startup_2811,AgriTech,Pune,2019,Series A,10935000,SAIF Partners,Merged,4201,0,3,0
IN2812,Startup_2812,E-Commerce,Bengaluru,2021,Series A,76434000,Y Combinator,Closed,619,0,2,0
IN2813,Startup_2813,TravelTech,Mumbai,2016,Grant,4174000,Matrix Partners,Closed,3089,0,6,0
IN2814,Startup_2814,SaaS,Hyderabad,2020,Seed,45217000,Elevation Capital,Closed,426,0,1,0
IN2815,Startup_2815,LogisticsTech,Pune,2022,Series A,39312000,Accel Partners,Acquired,2693,0,1,0
IN2816,Startup_2816,E-Commerce,Ahmedabad,2022,Pre-Seed,636000,Elevation Capital,Closed,1280,0,2,0
IN2817,Startup_2817,SaaS,Bengaluru,2017,Pre-Seed,3600000,SAIF Partners,Closed,259,0,5,0
IN2818,Startup_2818,EdTech,Ahmedabad,2012,Bootstrapped,1342000,Matrix Partners,Closed,4509,0,3,0
IN2819,Startup_2819,SaaS,Pune,2023,Series D+,2259000,Y Combinator,Closed,159,0,2,0
IN2820,Startup_2820,HealthTech,Jaipur,2018,Series D+,16791000,Bootstrapped,Merged,3827,0,3,0
IN2821,Startup_2821,EdTech,Mumbai,2016,Pre-Seed,4747000,Accel Partners,Closed,4915,0,4,0
IN2822,Startup_2822,EdTech,Delhi NCR,2022,Grant,1077000,SAIF Partners,Closed,273,0,1,0
IN2823,Startup_2823,FinTech,Hyderabad,2019,Seed,76455000,Government Grant,Closed,1437,0,4,0
IN2824,Startup_2824,E-Commerce,Pune,2014,Series C,88416000,Matrix Partners,Closed,1508,0,5,0
IN2825,Startup_2825,AgriTech,Jaipur,2020,Grant,334000,Sequoia Capital India,Acquired,2420,0,3,0
IN2826,Startup_2826,HealthTech,Pune,2012,Series D+,53821000,Elevation Capital,Closed,739,0,3,0
IN2827,Startup_2827,E-Commerce,Ahmedabad,2015,Series B,60825000,Nexus Venture,Active,4670,23631000,8,0
IN2828,Startup_2828,FinTech,Hyderabad,2019,Bootstrapped,5414000,Tiger Global,Closed,2407,0,2,0
IN2829,Startup_2829,LogisticsTech,Chennai,2012,Series C,21421000,Angel Network,Active,3482,5181000,11,0
IN2830,Startup_2830,EdTech,Jaipur,2023,Grant,6236000,Nexus Venture,Closed,135,0,1,0
IN2831,Startup_2831,LogisticsTech,Pune,2023,Series A,52482000,Elevation Capital,Closed,3702,0,2,0
IN2832,Startup_2832,E-Commerce,Jaipur,2015,Series C,44247000,Tiger Global,Merged,1620,0,3,0
IN2833,Startup_2833,E-Commerce,Kolkata,2010,Bootstrapped,5121000,Government Grant,Closed,4335,0,7,0
IN2834,Startup_2834,SaaS,Noida,2011,Series A,21832000,Y Combinator,Closed,3971,0,11,0
IN2835,Startup_2835,HealthTech,Delhi NCR,2021,Pre-Seed,1698000,SAIF Partners,Merged,3171,0,1,0
IN2836,Startup_2836,HealthTech,Kolkata,2019,Series A,37701000,Accel Partners,Active,3718,28708000,4,0
IN2837,Startup_2837,HRTech,Noida,2016,Series A,12132000,Elevation Capital,Closed,4835,0,5,0
IN2838,Startup_2838,HealthTech,Noida,2021,Series B,67709000,Angel Network,Closed,3913,0,2,0
IN2839,Startup_2839,TravelTech,Jaipur,2017,Grant,851000,500 Startups,Closed,3555,0,1,0
IN2840,Startup_2840,SaaS,Mumbai,2013,Series C,3563000,Y Combinator,Closed,2062,0,10,0
IN2841,Startup_2841,E-Commerce,Mumbai,2015,Series B,82166000,Government Grant,Closed,4913,0,2,0
IN2842,Startup_2842,HealthTech,Delhi NCR,2016,Pre-Seed,8074000,Nexus Venture,Active,2439,704000,7,0
IN2843,Startup_2843,FoodTech,Kolkata,2012,Seed,15352000,Bootstrapped,Merged,1860,0,1,0
IN2844,Startup_2844,SaaS,Noida,2011,Series B,1315000,SAIF Partners,Closed,4711,0,8,0
IN2845,Startup_2845,AgriTech,Delhi NCR,2020,Grant,2370000,SAIF Partners,Closed,3563,0,3,0
IN2846,Startup_2846,AgriTech,Kolkata,2014,Series A,26718000,Angel Network,Closed,1111,0,5,0
IN2847,Startup_2847,FinTech,Chennai,2019,Series A,22327000,Kalaari Capital,Active,1903,1635000,4,0
IN2848,Startup_2848,FoodTech,Kolkata,2016,Seed,13162000,500 Startups,Closed,3284,0,2,0
IN2849,Startup_2849,HRTech,Jaipur,2023,Pre-Seed,3002000,Matrix Partners,Closed,4376,0,1,0
IN2850,Startup_2850,FinTech,Mumbai,2017,Series D+,112261000,Blume Ventures,Closed,3348,0,4,0
IN2851,Startup_2851,EdTech,Jaipur,2016,Series D+,12404000,Government Grant,Merged,2380,0,7,0
IN2852,Startup_2852,FinTech,Pune,2013,Series C,14902000,Tiger Global,Closed,2606,0,4,0
IN2853,Startup_2853,EdTech,Hyderabad,2017,Series D+,7935000,Sequoia Capital India,Acquired,4066,0,4,0
IN2854,Startup_2854,FoodTech,Hyderabad,2020,Series A,49530000,Kalaari Capital,Active,510,10863000,3,0
IN2855,Startup_2855,EdTech,Noida,2022,Series A,11900000,Kalaari Capital,Merged,4784,0,1,0
IN2856,Startup_2856,HRTech,Hyderabad,2018,Grant,1614000,SoftBank,Closed,2445,0,2,0
IN2857,Startup_2857,SaaS,Pune,2014,Grant,4268000,Government Grant,Closed,2221,0,8,0
IN2858,Startup_2858,LogisticsTech,Bengaluru,2017,Bootstrapped,4651000,Kalaari Capital,Acquired,540,0,1,0
IN2859,Startup_2859,FoodTech,Kolkata,2015,Seed,30474000,Government Grant,Closed,3862,0,1,0
IN2860,Startup_2860,TravelTech,Chennai,2011,Grant,4325000,Tiger Global,Closed,4411,0,10,0
IN2861,Startup_2861,AgriTech,Mumbai,2014,Series D+,38867000,Sequoia Capital India,Closed,4958,0,2,0
IN2862,Startup_2862,TravelTech,Chennai,2018,Pre-Seed,2455000,Accel Partners,Closed,783,0,3,0
IN2863,Startup_2863,FoodTech,Pune,2014,Bootstrapped,1256000,Bootstrapped,Closed,960,0,7,0
IN2864,Startup_2864,FinTech,Ahmedabad,2023,Grant,3456000,Elevation Capital,Active,2015,2486000,0,0
IN2865,Startup_2865,FinTech,Pune,2015,Series C,33517000,Sequoia Capital India,Closed,2038,0,3,0
IN2866,Startup_2866,HealthTech,Mumbai,2022,Pre-Seed,5309000,Matrix Partners,Closed,1315,0,1,0
IN2867,Startup_2867,E-Commerce,Jaipur,2015,Bootstrapped,3095000,Angel Network,Closed,174,0,8,0
IN2868,Startup_2868,TravelTech,Jaipur,2010,Series A,7169000,Angel Network,Closed,2770,0,2,0
IN2869,Startup_2869,LogisticsTech,Pune,2021,Bootstrapped,1256000,SoftBank,Closed,1941,0,2,0
IN2870,Startup_2870,LogisticsTech,Delhi NCR,2013,Pre-Seed,3637000,Blume Ventures,Acquired,2459,0,5,0
IN2871,Startup_2871,FinTech,Jaipur,2018,Pre-Seed,10093000,Blume Ventures,Closed,350,0,5,0
IN2872,Startup_2872,HRTech,Jaipur,2017,Pre-Seed,153000,Bootstrapped,Closed,964,0,5,0
IN2873,Startup_2873,HRTech,Mumbai,2018,Series C,2852000,SoftBank,Acquired,1191,0,4,0
IN2874,Startup_2874,LogisticsTech,Mumbai,2011,Series D+,33302000,SAIF Partners,Closed,387,0,6,0
IN2875,Startup_2875,HealthTech,Kolkata,2013,Series A,10296000,Bootstrapped,Closed,3305,0,1,0
IN2876,Startup_2876,SaaS,Ahmedabad,2022,Series A,22051000,Elevation Capital,Closed,3855,0,1,0
IN2877,Startup_2877,FoodTech,Ahmedabad,2014,Series D+,14919000,Angel Network,Closed,466,0,9,0
IN2878,Startup_2878,HealthTech,Hyderabad,2011,Grant,2625000,Angel Network,Closed,603,0,10,0
IN2879,Startup_2879,HRTech,Chennai,2021,Series B,14801000,Government Grant,Closed,3982,0,2,0
IN2880,Startup_2880,LogisticsTech,Delhi NCR,2023,Bootstrapped,1974000,Government Grant,Closed,4722,0,2,0
IN2881,Startup_2881,FinTech,Chennai,2013,Pre-Seed,4643000,Angel Network,Closed,4381,0,5,0
IN2882,Startup_2882,FinTech,Delhi NCR,2015,Grant,10891000,Sequoia Capital India,Acquired,1772,0,7,0
IN2883,Startup_2883,TravelTech,Kolkata,2010,Series D+,2427000,SoftBank,Acquired,342,0,7,0
IN2884,Startup_2884,LogisticsTech,Hyderabad,2016,Pre-Seed,793000,SAIF Partners,Closed,720,0,6,0
IN2885,Startup_2885,LogisticsTech,Pune,2023,Pre-Seed,3535000,Sequoia Capital India,Closed,1774,0,1,0
IN2886,Startup_2886,HRTech,Mumbai,2012,Pre-Seed,838000,Sequoia Capital India,Acquired,1174,0,6,0
IN2887,Startup_2887,HealthTech,Bengaluru,2019,Series C,62064000,Government Grant,Closed,3770,0,3,0
IN2888,Startup_2888,HRTech,Ahmedabad,2021,Series D+,4013000,Bootstrapped,Closed,1531,0,2,0
IN2889,Startup_2889,FinTech,Bengaluru,2019,Bootstrapped,10363000,Blume Ventures,Active,2859,7647000,4,0
IN2890,Startup_2890,FoodTech,Pune,2020,Series D+,13777000,Bootstrapped,Closed,4839,0,1,0
IN2891,Startup_2891,FinTech,Chennai,2014,Series C,111125000,SoftBank,Closed,4211,0,2,0
IN2892,Startup_2892,EdTech,Jaipur,2010,Seed,47700000,Kalaari Capital,Closed,2872,0,9,0
IN2893,Startup_2893,E-Commerce,Pune,2023,Series C,44036000,Matrix Partners,Closed,1287,0,1,0
IN2894,Startup_2894,HRTech,Chennai,2012,Seed,17377000,Kalaari Capital,Closed,3339,0,7,0
IN2895,Startup_2895,FinTech,Hyderabad,2022,Bootstrapped,5069000,Tiger Global,Active,2538,2313000,1,0
IN2896,Startup_2896,FinTech,Ahmedabad,2010,Series C,77021000,Government Grant,Closed,3455,0,7,0
IN2897,Startup_2897,FinTech,Delhi NCR,2013,Series D+,8015000,SAIF Partners,Acquired,2993,0,1,0
IN2898,Startup_2898,EdTech,Chennai,2013,Pre-Seed,1859000,Angel Network,Active,740,683000,10,0
IN2899,Startup_2899,EdTech,Chennai,2016,Pre-Seed,3532000,Sequoia Capital India,Closed,3061,0,2,0
IN2900,Startup_2900,HealthTech,Pune,2014,Seed,53289000,Nexus Venture,Closed,3625,0,5,0
IN2901,Startup_2901,FinTech,Kolkata,2014,Series D+,81761000,Kalaari Capital,Closed,3832,0,1,0
IN2902,Startup_2902,AgriTech,Ahmedabad,2011,Seed,37303000,Bootstrapped,Closed,4717,0,9,0
IN2903,Startup_2903,LogisticsTech,Kolkata,2021,Series C,24396000,SoftBank,Acquired,3521,0,2,0
IN2904,Startup_2904,LogisticsTech,Mumbai,2018,Series B,19472000,Elevation Capital,Closed,4056,0,3,0
IN2905,Startup_2905,TravelTech,Ahmedabad,2016,Pre-Seed,2114000,Government Grant,Closed,1523,0,2,0
IN2906,Startup_2906,FoodTech,Ahmedabad,2022,Seed,12331000,Sequoia Capital India,Closed,823,0,1,0
IN2907,Startup_2907,HealthTech,Bengaluru,2019,Series D+,21998000,SoftBank,Closed,1178,0,4,0
IN2908,Startup_2908,E-Commerce,Delhi NCR,2013,Bootstrapped,478000,Y Combinator,Closed,4595,0,3,0
IN2909,Startup_2909,AgriTech,Hyderabad,2022,Series A,37397000,500 Startups,Acquired,3771,0,2,0
IN2910,Startup_2910,HRTech,Noida,2020,Series A,15431000,500 Startups,Closed,1941,0,3,0
IN2911,Startup_2911,HealthTech,Hyderabad,2021,Series D+,4492000,SoftBank,Closed,1495,0,1,0
IN2912,Startup_2912,HRTech,Mumbai,2014,Pre-Seed,2163000,SoftBank,Active,1437,946000,9,0
IN2913,Startup_2913,SaaS,Delhi NCR,2013,Series C,5082000,Elevation Capital,Closed,4305,0,3,0
IN2914,Startup_2914,HRTech,Bengaluru,2022,Grant,1131000,Accel Partners,Closed,2691,0,2,0
IN2915,Startup_2915,AgriTech,Delhi NCR,2016,Pre-Seed,1776000,Matrix Partners,Acquired,4658,0,6,0
IN2916,Startup_2916,HRTech,Noida,2011,Series B,7818000,Sequoia Capital India,Closed,32,0,12,0
IN2917,Startup_2917,LogisticsTech,Pune,2013,Series B,11221000,Government Grant,Closed,3545,0,3,0
IN2918,Startup_2918,HealthTech,Ahmedabad,2017,Grant,1858000,Accel Partners,Closed,3394,0,6,0
IN2919,Startup_2919,TravelTech,Bengaluru,2016,Bootstrapped,3288000,Sequoia Capital India,Acquired,3630,0,1,0
IN2920,Startup_2920,E-Commerce,Jaipur,2015,Pre-Seed,8781000,Kalaari Capital,Closed,2567,0,3,0
IN2921,Startup_2921,HRTech,Jaipur,2022,Series C,10139000,Angel Network,Closed,309,0,2,0
IN2922,Startup_2922,SaaS,Bengaluru,2012,Grant,4733000,Y Combinator,Closed,3560,0,8,0
IN2923,Startup_2923,AgriTech,Jaipur,2012,Bootstrapped,560000,Elevation Capital,Closed,21,0,7,0
IN2924,Startup_2924,HealthTech,Bengaluru,2023,Pre-Seed,3661000,Government Grant,Closed,4166,0,2,0
IN2925,Startup_2925,LogisticsTech,Pune,2016,Seed,26979000,Kalaari Capital,Closed,4876,0,4,0
IN2926,Startup_2926,HRTech,Hyderabad,2011,Series B,24495000,Elevation Capital,Merged,3970,0,12,0
IN2927,Startup_2927,HRTech,Jaipur,2021,Series C,20976000,Accel Partners,Acquired,2112,0,2,0
IN2928,Startup_2928,FinTech,Noida,2021,Series D+,2198000,Nexus Venture,Acquired,4894,0,1,0
IN2929,Startup_2929,HealthTech,Kolkata,2022,Bootstrapped,1174000,Angel Network,Closed,1824,0,2,0
IN2930,Startup_2930,LogisticsTech,Mumbai,2012,Seed,32974000,Angel Network,Closed,4373,0,11,0
IN2931,Startup_2931,EdTech,Mumbai,2015,Series C,27287000,Nexus Venture,Closed,135,0,1,0
IN2932,Startup_2932,EdTech,Delhi NCR,2020,Grant,5598000,500 Startups,Closed,1340,0,1,0
IN2933,Startup_2933,E-Commerce,Noida,2018,Series C,33299000,Y Combinator,Merged,1325,0,3,0
IN2934,Startup_2934,LogisticsTech,Ahmedabad,2021,Grant,3090000,SAIF Partners,Active,4313,482000,2,0
IN2935,Startup_2935,HealthTech,Hyderabad,2017,Grant,5926000,Y Combinator,Active,2378,596000,6,0
IN2936,Startup_2936,TravelTech,Bengaluru,2016,Seed,9077000,Angel Network,Merged,2094,0,5,0
IN2937,Startup_2937,AgriTech,Kolkata,2014,Grant,2304000,SAIF Partners,Closed,2222,0,7,0
IN2938,Startup_2938,FinTech,Chennai,2018,Bootstrapped,7501000,Elevation Capital,Closed,3170,0,2,0
IN2939,Startup_2939,TravelTech,Hyderabad,2010,Grant,1783000,Accel Partners,Closed,417,0,9,0
IN2940,Startup_2940,FinTech,Noida,2012,Bootstrapped,4839000,Sequoia Capital India,Active,812,1761000,11,0
IN2941,Startup_2941,AgriTech,Chennai,2021,Grant,1631000,Nexus Venture,Closed,2709,0,2,0
IN2942,Startup_2942,TravelTech,Kolkata,2015,Series D+,16195000,Blume Ventures,Closed,2886,0,2,0
IN2943,Startup_2943,HealthTech,Pune,2017,Bootstrapped,91000,Matrix Partners,Closed,4292,0,4,0
IN2944,Startup_2944,AgriTech,Jaipur,2022,Bootstrapped,3425000,Nexus Venture,Acquired,472,0,2,0
IN2945,Startup_2945,EdTech,Kolkata,2016,Series D+,8700000,Tiger Global,Closed,2104,0,7,0
IN2946,Startup_2946,SaaS,Pune,2011,Grant,50000,Government Grant,Acquired,1654,0,4,0
IN2947,Startup_2947,TravelTech,Kolkata,2018,Bootstrapped,3492000,Y Combinator,Active,2609,2324000,5,0
IN2948,Startup_2948,FinTech,Mumbai,2017,Pre-Seed,4928000,Sequoia Capital India,Merged,2445,0,3,0
IN2949,Startup_2949,HealthTech,Hyderabad,2018,Bootstrapped,436000,Angel Network,Active,2728,261000,5,0
IN2950,Startup_2950,TravelTech,Noida,2021,Series B,27431000,Y Combinator,Active,2279,16734000,2,0
IN2951,Startup_2951,E-Commerce,Pune,2020,Pre-Seed,4788000,Accel Partners,Closed,4977,0,2,0
IN2952,Startup_2952,HRTech,Ahmedabad,2023,Grant,962000,Tiger Global,Closed,4550,0,2,0
IN2953,Startup_2953,EdTech,Hyderabad,2015,Bootstrapped,4222000,Nexus Venture,Closed,2605,0,1,0
IN2954,Startup_2954,FoodTech,Hyderabad,2015,Bootstrapped,2468000,SAIF Partners,Closed,118,0,6,0
IN2955,Startup_2955,FoodTech,Hyderabad,2019,Series C,44430000,Elevation Capital,Closed,4495,0,1,0
IN2956,Startup_2956,HealthTech,Kolkata,2010,Series A,22812000,Tiger Global,Closed,364,0,13,0
IN2957,Startup_2957,E-Commerce,Mumbai,2015,Series A,31128000,Y Combinator,Closed,145,0,8,0
IN2958,Startup_2958,E-Commerce,Pune,2012,Pre-Seed,6216000,Blume Ventures,Closed,3768,0,8,0
IN2959,Startup_2959,SaaS,Jaipur,2016,Grant,2567000,Accel Partners,Closed,2531,0,1,0
IN2960,Startup_2960,TravelTech,Kolkata,2021,Series C,30934000,Angel Network,Merged,1304,0,1,0
IN2961,Startup_2961,FinTech,Jaipur,2018,Series A,38740000,Bootstrapped,Acquired,4261,0,4,0
IN2962,Startup_2962,TravelTech,Pune,2011,Bootstrapped,2914000,SoftBank,Closed,1380,0,7,0
IN2963,Startup_2963,FinTech,Chennai,2021,Bootstrapped,9093000,Tiger Global,Closed,3764,0,2,0
IN2964,Startup_2964,FoodTech,Pune,2018,Series B,49112000,SoftBank,Active,22,16598000,5,0
IN2965,Startup_2965,HealthTech,Noida,2013,Seed,88361000,SAIF Partners,Closed,741,0,8,0
IN2966,Startup_2966,TravelTech,Jaipur,2012,Series C,39897000,Y Combinator,Closed,2965,0,6,0
IN2967,Startup_2967,HRTech,Pune,2016,Pre-Seed,3248000,SoftBank,Acquired,1095,0,4,0
IN2968,Startup_2968,HealthTech,Hyderabad,2020,Grant,5633000,Elevation Capital,Closed,222,0,1,0
IN2969,Startup_2969,HealthTech,Hyderabad,2017,Pre-Seed,7319000,Government Grant,Active,3511,2103000,6,0
IN2970,Startup_2970,SaaS,Jaipur,2020,Grant,6222000,Nexus Venture,Active,3819,4905000,3,0
IN2971,Startup_2971,HRTech,Chennai,2021,Series C,27708000,Matrix Partners,Active,4068,7910000,2,0
IN2972,Startup_2972,E-Commerce,Noida,2018,Seed,96687000,SAIF Partners,Merged,4432,0,5,0
IN2973,Startup_2973,FinTech,Ahmedabad,2021,Series B,8424000,Elevation Capital,Closed,532,0,2,0
IN2974,Startup_2974,FoodTech,Noida,2010,Series C,49380000,Government Grant,Closed,3201,0,3,0
IN2975,Startup_2975,LogisticsTech,Jaipur,2013,Series C,26709000,SoftBank,Closed,4303,0,1,0
IN2976,Startup_2976,HealthTech,Bengaluru,2020,Grant,1384000,Elevation Capital,Closed,3271,0,3,0
IN2977,Startup_2977,EdTech,Delhi NCR,2011,Pre-Seed,2683000,Accel Partners,Closed,4484,0,9,0
IN2978,Startup_2978,EdTech,Delhi NCR,2019,Bootstrapped,6277000,Accel Partners,Acquired,4186,0,2,0
IN2979,Startup_2979,FinTech,Ahmedabad,2010,Bootstrapped,9137000,Elevation Capital,Closed,302,0,2,0
IN2980,Startup_2980,FinTech,Ahmedabad,2019,Series A,93631000,Elevation Capital,Closed,4547,0,2,0
IN2981,Startup_2981,LogisticsTech,Jaipur,2019,Series B,54336000,SAIF Partners,Closed,3579,0,3,0
IN2982,Startup_2982,HRTech,Ahmedabad,2010,Series B,1644000,Blume Ventures,Closed,2688,0,8,0
IN2983,Startup_2983,TravelTech,Noida,2016,Series B,8676000,Kalaari Capital,Merged,3656,0,1,0
IN2984,Startup_2984,FoodTech,Ahmedabad,2013,Seed,42017000,Bootstrapped,Closed,1788,0,2,0
IN2985,Startup_2985,AgriTech,Chennai,2015,Pre-Seed,3073000,Blume Ventures,Closed,270,0,6,0
IN2986,Startup_2986,HealthTech,Mumbai,2018,Grant,6089000,Angel Network,Closed,1825,0,5,0
IN2987,Startup_2987,SaaS,Pune,2014,Pre-Seed,6873000,SAIF Partners,Closed,1716,0,2,0
IN2988,Startup_2988,EdTech,Pune,2011,Series C,76088000,Bootstrapped,Acquired,840,0,3,0
IN2989,Startup_2989,E-Commerce,Chennai,2023,Pre-Seed,5912000,Blume Ventures,Closed,934,0,2,0
IN2990,Startup_2990,LogisticsTech,Jaipur,2019,Seed,35050000,Blume Ventures,Closed,3691,0,4,0
IN2991,Startup_2991,TravelTech,Bengaluru,2023,Series A,43811000,Government Grant,Closed,2189,0,2,0
IN2992,Startup_2992,LogisticsTech,Jaipur,2014,Series C,28487000,Government Grant,Closed,2405,0,1,0
IN2993,Startup_2993,E-Commerce,Kolkata,2021,Bootstrapped,8966000,Accel Partners,Merged,3540,0,1,0
IN2994,Startup_2994,HealthTech,Noida,2015,Grant,4502000,Bootstrapped,Closed,1708,0,2,0
IN2995,Startup_2995,AgriTech,Noida,2017,Series D+,36688000,Elevation Capital,Closed,1208,0,6,0
IN2996,Startup_2996,FoodTech,Hyderabad,2011,Bootstrapped,3874000,SoftBank,Merged,311,0,3,0
IN2997,Startup_2997,HRTech,Mumbai,2015,Series D+,23200000,Bootstrapped,Acquired,1342,0,4,0
IN2998,Startup_2998,E-Commerce,Delhi NCR,2014,Seed,109196000,Kalaari Capital,Closed,567,0,9,0
IN2999,Startup_2999,AgriTech,Pune,2018,Series B,31904000,Sequoia Capital India,Closed,3824,0,2,0
IN3000,Startup_3000,SaaS,Pune,2022,Bootstrapped,4968000,Matrix Partners,Acquired,1449,0,1,0
